ts_ms,open,high,low,close,volume,quote_volume,trades
1788444000000,3500.00000000,3510.65000000,3495.34000000,3505.99000000,5408.32039283,18950711.02440825,3646
1788445800000,3505.99000000,3507.32000000,3499.17000000,3500.51000000,4544.85091018,15917591.40544060,2888
1788447600000,3500.51000000,3506.55000000,3490.56000000,3496.61000000,3179.95343771,11123185.56390330,4241
1788449400000,3496.61000000,3498.34000000,3495.64000000,3497.37000000,2871.97741122,10043632.27451613,12136
1788451200000,3497.37000000,3502.88000000,3493.80000000,3499.31000000,3190.27004429,11161676.04051368,681
1788453000000,3499.31000000,3504.26000000,3486.64000000,3491.59000000,4625.71001300,16162980.36651648,22063
1788454800000,3491.59000000,3506.36000000,3486.87000000,3501.64000000,2694.02284126,9424470.99760471,4362
1788456600000,3501.64000000,3513.02000000,3497.52000000,3508.90000000,5837.15646382,20467889.50508135,11908
1788458400000,3508.90000000,3510.26000000,3502.47000000,3503.83000000,2858.50512716,10020559.38811682,3879
1788460200000,3503.83000000,3515.00000000,3497.11000000,3508.28000000,2465.75313555,8646892.02824897,1286
1788462000000,3508.28000000,3514.05000000,3501.12000000,3506.89000000,1775.99190210,6229030.59882047,5637
1788463800000,3506.89000000,3510.42000000,3497.96000000,3501.49000000,2587.52909077,9064868.35862414,14056
1788465600000,3501.49000000,3503.26000000,3499.86000000,3501.63000000,1683.34925580,5894384.49897239,3860
1788467400000,3501.63000000,3517.10000000,3493.51000000,3508.98000000,2315.95071502,8120952.16059186,3898
1788469200000,3508.98000000,3535.08000000,3505.68000000,3531.78000000,5425.73146035,19121241.23898082,10696
1788471000000,3531.78000000,3535.29000000,3530.41000000,3533.92000000,3628.17185669,12819081.92289580,17143
1788472800000,3533.92000000,3542.14000000,3533.37000000,3541.31000000,6012.78220901,21278889.61493484,3752
1788474600000,3541.31000000,3546.30000000,3531.75000000,3536.74000000,2021.48724021,7152556.37442373,564
1788476400000,3536.74000000,3537.87000000,3533.95000000,3534.65000000,2959.78635888,10464296.49175871,1076
1788478200000,3534.65000000,3537.99000000,3530.14000000,3533.48000000,5733.05091653,20259857.36032542,2230
1788480000000,3533.48000000,3537.14000000,3526.80000000,3530.45000000,4744.62485809,16755466.66395115,4363
1788481800000,3530.45000000,3534.78000000,3528.60000000,3532.93000000,3645.49654541,12876279.03609690,5771
1788483600000,3532.93000000,3536.05000000,3522.95000000,3526.08000000,4174.17630035,14728006.37676084,5955
1788485400000,3526.08000000,3528.12000000,3519.37000000,3521.41000000,4664.22966626,16431936.32973796,5209
1788487200000,3521.41000000,3524.07000000,3517.41000000,3520.07000000,3947.65669146,13897803.03104121,12879
1788489000000,3520.07000000,3525.71000000,3512.80000000,3518.44000000,4876.34196834,17159778.27244243,3003
1788490800000,3518.44000000,3529.76000000,3513.41000000,3524.73000000,2660.94002837,9373513.85907946,3314
1788492600000,3524.73000000,3527.14000000,3519.35000000,3521.77000000,4741.99138181,16704865.07922340,1521
1788494400000,3521.77000000,3528.06000000,3517.36000000,3523.65000000,3615.33535641,12736916.01343633,852
1788496200000,3523.65000000,3532.36000000,3520.01000000,3528.72000000,4756.67677087,16776951.08609071,30493
1788498000000,3528.72000000,3532.17000000,3520.54000000,3523.99000000,4140.25542974,14596736.31451961,26060
1788499800000,3523.99000000,3525.38000000,3521.07000000,3522.46000000,3621.77746276,12759398.16026489,14737
1788501600000,3522.46000000,3527.62000000,3515.62000000,3520.78000000,1955.45084624,6885809.64088539,3455
1788503400000,3520.78000000,3526.49000000,3518.77000000,3524.48000000,3176.75265522,11192496.54807888,10297
1788505200000,3524.48000000,3533.37000000,3521.63000000,3530.51000000,6649.49141671,23462740.72448628,4466
1788507000000,3530.51000000,3534.34000000,3517.56000000,3521.39000000,5068.44534827,17863387.24861598,2987
1788508800000,3521.39000000,3521.85000000,3520.29000000,3520.72000000,4383.02673633,15432435.82192823,11679
1788510600000,3520.72000000,3524.78000000,3514.39000000,3518.44000000,2700.70955591,9504347.81440473,4938
1788512400000,3518.44000000,3519.14000000,3514.51000000,3514.61000000,2031.69063710,7143599.75815883,11968
1788514200000,3514.61000000,3519.79000000,3510.87000000,3516.05000000,1095.08445659,3849844.75750376,3032
1788516000000,3516.05000000,3520.04000000,3500.99000000,3504.98000000,3122.31090822,10955157.59640955,3114
1788517800000,3504.98000000,3513.51000000,3500.30000000,3508.83000000,2328.93780957,8168857.10610613,4350
1788519600000,3508.83000000,3523.60000000,3503.91000000,3518.68000000,918.44965335,3228714.90594376,286
1788521400000,3518.68000000,3529.37000000,3513.48000000,3524.16000000,5337.83916643,18801661.28390048,2926
1788523200000,3524.16000000,3529.74000000,3514.04000000,3519.62000000,2495.20593547,8785954.86746608,727
1788525000000,3519.62000000,3519.84000000,3506.88000000,3507.52000000,2650.94879612,9308579.75418130,940
1788526800000,3507.52000000,3514.16000000,3501.37000000,3508.02000000,1192.96133120,4184730.19314002,392
1788528600000,3508.02000000,3514.81000000,3504.10000000,3510.89000000,1205.07224650,4229718.18766118,572
1788530400000,3510.89000000,3516.78000000,3496.64000000,3502.53000000,2890.52528373,10132199.09773795,8171
1788532200000,3502.53000000,3505.72000000,3494.72000000,3497.91000000,4166.36418994,14579978.12237445,1136
1788534000000,3497.91000000,3503.22000000,3483.36000000,3488.67000000,2537.50903264,8860344.98571286,16102
1788535800000,3488.67000000,3498.34000000,3484.08000000,3493.75000000,2269.26587296,7924408.37529188,1935
1788537600000,3493.75000000,3494.45000000,3486.50000000,3487.06000000,4257.62642532,14856294.47996623,912
1788539400000,3487.06000000,3487.79000000,3485.41000000,3486.02000000,2889.02101190,10072296.08487286,1937
1788541200000,3486.02000000,3490.71000000,3481.77000000,3486.47000000,3439.34713094,11990655.46653517,919
1788543000000,3486.47000000,3492.57000000,3484.86000000,3490.97000000,2857.04614511,9969570.71829822,5233
1788544800000,3490.97000000,3491.31000000,3484.93000000,3485.42000000,5726.33577108,19969000.32974640,7080
1788546600000,3485.42000000,3498.28000000,3479.03000000,3491.88000000,3753.84619675,13099902.88932783,2252
1788548400000,3491.88000000,3492.49000000,3490.90000000,3491.28000000,1337.09200142,4668534.85606305,1517
1788550200000,3491.28000000,3496.19000000,3484.08000000,3488.99000000,1449.07271935,5056904.84350179,543
1788552000000,3488.99000000,3499.35000000,3488.80000000,3498.59000000,3879.14664831,13559870.21870705,19092
1788553800000,3498.59000000,3500.65000000,3489.31000000,3491.37000000,4015.63271395,14029720.82617266,922
1788555600000,3491.37000000,3492.59000000,3490.53000000,3491.29000000,3488.28247011,12179237.38577351,21628
1788557400000,3491.29000000,3500.60000000,3487.66000000,3496.96000000,4392.11699241,15350762.42506751,2070
1788559200000,3496.96000000,3504.72000000,3478.14000000,3485.90000000,3729.85757551,13015660.49763911,706
1788561000000,3485.90000000,3495.29000000,3484.18000000,3493.57000000,2659.60638343,9284726.02373022,4744
1788562800000,3493.57000000,3493.78000000,3479.34000000,3479.84000000,3747.21610786,13056497.88413628,7806
1788564600000,3479.84000000,3491.33000000,3475.77000000,3487.26000000,3231.10397536,11259718.81647615,13075
1788566400000,3487.26000000,3495.83000000,3479.93000000,3488.50000000,5303.20949825,18498057.92258075,1375
1788568200000,3488.50000000,3490.86000000,3480.67000000,3483.03000000,2567.08411368,8945909.38266398,7071
1788570000000,3483.03000000,3489.49000000,3477.27000000,3483.72000000,3034.11982468,10569332.88781272,3859
1788571800000,3483.72000000,3498.92000000,3478.02000000,3493.21000000,2098.15976799,7322683.08387481,451
1788573600000,3493.21000000,3499.82000000,3489.27000000,3495.88000000,3803.29898411,13292491.94092611,2803
1788575400000,3495.88000000,3500.39000000,3488.17000000,3492.68000000,3659.88567911,12786709.50776129,5347
1788577200000,3492.68000000,3502.14000000,3490.20000000,3499.66000000,8098.71988691,28323945.66969098,3143
1788579000000,3499.66000000,3512.40000000,3494.36000000,3507.09000000,6123.97329064,21462178.76586374,13469
1788580800000,3507.09000000,3510.94000000,3503.45000000,3507.30000000,3070.14758630,10767717.93062443,11629
1788582600000,3507.30000000,3512.32000000,3494.00000000,3499.02000000,6096.74291101,21349456.70215786,17427
1788584400000,3499.02000000,3505.97000000,3493.91000000,3500.86000000,4870.99010054,17049678.56419287,1987
1788586200000,3500.86000000,3510.73000000,3496.47000000,3506.33000000,2809.82840938,9847070.15442125,1242
1788588000000,3506.33000000,3517.76000000,3502.84000000,3514.27000000,3410.05494586,11974826.34031379,4209
1788589800000,3514.27000000,3520.49000000,3506.44000000,3512.67000000,3278.37731253,11517599.34702504,3434
1788591600000,3512.67000000,3512.91000000,3508.48000000,3508.91000000,3584.38898627,12581555.92381078,4548
1788593400000,3508.91000000,3509.96000000,3506.10000000,3507.16000000,1175.03573169,4121723.43364774,1954
1788595200000,3507.16000000,3511.61000000,3503.04000000,3507.49000000,2172.98750216,7621499.08364637,632
1788597000000,3507.49000000,3516.17000000,3505.18000000,3513.85000000,2956.99841651,10384192.74617511,19017
1788598800000,3513.85000000,3515.28000000,3511.31000000,3512.73000000,1847.46468849,6490337.85176464,829
1788600600000,3512.73000000,3515.13000000,3509.42000000,3511.82000000,1168.05598630,4102355.17085619,3205
1788602400000,3511.82000000,3512.16000000,3507.11000000,3507.75000000,5066.62796201,17778839.21042578,16907
1788604200000,3507.75000000,3511.37000000,3503.32000000,3506.94000000,6064.42787042,21269242.39202840,6552
1788606000000,3506.94000000,3509.22000000,3505.69000000,3507.97000000,10259.09361632,35985092.19202825,3445
1788607800000,3507.97000000,3518.62000000,3504.82000000,3515.47000000,2945.92829049,10348951.01407888,11515
1788609600000,3515.47000000,3519.52000000,3510.97000000,3515.02000000,5059.00765204,17783265.13212913,14473
1788611400000,3515.02000000,3517.90000000,3511.54000000,3514.42000000,6989.14265233,24564201.93584264,5671
1788613200000,3514.42000000,3516.37000000,3498.48000000,3500.43000000,3722.95857859,13049318.71100860,2188
1788615000000,3500.43000000,3510.50000000,3494.00000000,3504.06000000,1313.09175601,4599565.91325953,236
1788616800000,3504.06000000,3513.18000000,3496.93000000,3506.05000000,3672.67902323,12874170.52428780,1106
1788618600000,3506.05000000,3507.84000000,3503.57000000,3505.36000000,3535.05245368,12392443.41515412,1855
1788620400000,3505.36000000,3507.48000000,3502.34000000,3504.46000000,3447.83937440,12083853.40285946,1157
1788622200000,3504.46000000,3516.51000000,3500.88000000,3512.92000000,2204.26522057,7737200.34383907,4587
1788624000000,3512.92000000,3514.71000000,3510.62000000,3512.40000000,3415.61265376,11997606.59615614,7670
1788625800000,3512.40000000,3517.30000000,3508.27000000,3513.16000000,2350.53236506,8257202.13734903,12541
1788627600000,3513.16000000,3516.25000000,3501.63000000,3504.72000000,4187.15653101,14686582.69926308,20439
1788629400000,3504.72000000,3505.75000000,3501.27000000,3502.30000000,1285.08289011,4501781.83835686,2141
1788631200000,3502.30000000,3505.34000000,3495.32000000,3498.36000000,6753.86663862,23636305.84779244,1239
1788633000000,3498.36000000,3500.95000000,3489.39000000,3491.98000000,2928.86811240,10233775.66631663,2178
1788634800000,3491.98000000,3493.04000000,3487.15000000,3488.21000000,4327.67551546,15101277.33560481,3476
1788636600000,3488.21000000,3490.06000000,3486.70000000,3488.55000000,2266.30720478,7905872.08311371,738
1788638400000,3488.55000000,3495.49000000,3484.48000000,3491.42000000,7610.76369159,26565089.82694308,8110
1788640200000,3491.42000000,3500.41000000,3490.82000000,3500.05000000,2681.67952690,9378088.78255255,3565
1788642000000,3500.05000000,3504.92000000,3492.20000000,3497.06000000,5631.64093619,19699822.58887095,1149
1788643800000,3497.06000000,3498.61000000,3496.80000000,3498.40000000,2694.01783523,9423512.69903394,1957
1788645600000,3498.40000000,3501.37000000,3493.62000000,3496.58000000,5470.42171312,19131099.66631961,13113
1788647400000,3496.58000000,3496.84000000,3494.56000000,3495.28000000,3573.01969712,12489708.99436610,7657
1788649200000,3495.28000000,3501.51000000,3486.87000000,3493.10000000,2275.33652916,7949634.23343227,3129
1788651000000,3493.10000000,3496.75000000,3491.59000000,3495.24000000,930.68864448,3252319.09474978,1229
1788652800000,3495.24000000,3515.84000000,3488.81000000,3509.41000000,3282.81152675,11505223.88932784,6981
1788654600000,3509.41000000,3521.85000000,3503.71000000,3516.15000000,1759.67457997,6183322.70498187,6665
1788656400000,3516.15000000,3517.16000000,3508.46000000,3509.47000000,2923.77342236,10267406.47086894,811
1788658200000,3509.47000000,3511.66000000,3506.39000000,3508.58000000,5734.43081041,20121421.24807291,21546
1788660000000,3508.58000000,3509.79000000,3498.19000000,3499.40000000,4422.40844216,15489298.92758002,886
1788661800000,3499.40000000,3500.05000000,3499.01000000,3499.36000000,4862.86973787,17017481.62062756,5223
1788663600000,3499.36000000,3502.43000000,3497.79000000,3500.87000000,3145.48661406,11010353.69570973,17622
1788665400000,3500.87000000,3503.27000000,3494.70000000,3497.09000000,5244.54781115,18347272.16452761,958
1788667200000,3497.09000000,3499.14000000,3491.68000000,3493.72000000,4708.24399070,16454592.48912280,26456
1788669000000,3493.72000000,3494.40000000,3490.14000000,3490.82000000,4632.48506549,16175649.81575125,13891
1788670800000,3490.82000000,3492.23000000,3484.71000000,3486.12000000,9079.19009624,31665386.09067383,3336
1788672600000,3486.12000000,3487.78000000,3482.52000000,3484.18000000,8650.16532949,30144358.31352966,2250
1788674400000,3484.18000000,3485.57000000,3480.86000000,3482.24000000,2540.24275175,8847384.45777303,3671
1788676200000,3482.24000000,3482.86000000,3480.29000000,3480.91000000,2957.32624143,10295499.67799710,2765
1788678000000,3480.91000000,3484.82000000,3476.46000000,3480.37000000,3363.62954568,11707276.98082936,4936
1788679800000,3480.37000000,3483.79000000,3478.44000000,3481.86000000,4647.67702685,16180254.72848029,5463
1788681600000,3481.86000000,3484.68000000,3479.19000000,3482.01000000,2113.02904218,7357484.45071317,7297
1788683400000,3482.01000000,3486.22000000,3475.81000000,3480.02000000,2729.64485893,9501030.59204094,6598
1788685200000,3480.02000000,3481.85000000,3478.70000000,3480.53000000,3346.78473205,11648019.69443733,3416
1788687000000,3480.53000000,3492.86000000,3474.62000000,3486.94000000,3660.33540504,12755555.90054697,21931
1788688800000,3486.94000000,3491.56000000,3484.25000000,3488.87000000,4703.16019937,16405682.29947748,978
1788690600000,3488.87000000,3494.64000000,3485.96000000,3491.74000000,2413.47529030,8424914.46610768,884
1788692400000,3491.74000000,3498.92000000,3483.90000000,3491.09000000,2935.71013278,10249459.37831971,5142
1788694200000,3491.09000000,3503.36000000,3483.50000000,3495.77000000,2990.05301225,10447871.41463450,1214
1788696000000,3495.77000000,3499.00000000,3488.04000000,3491.26000000,6655.52345823,23246177.33567271,1210
1788697800000,3491.26000000,3492.56000000,3484.54000000,3485.84000000,3335.45153706,11632872.82895656,582
1788699600000,3485.84000000,3489.11000000,3477.42000000,3480.70000000,4043.13486666,14079852.28305538,12349
1788701400000,3480.70000000,3481.34000000,3477.08000000,3477.99000000,2048.27667761,7125560.11656147,745
1788703200000,3477.99000000,3480.13000000,3472.97000000,3475.10000000,3564.38501210,12390042.86530601,9970
1788705000000,3475.10000000,3475.73000000,3470.57000000,3470.85000000,9621.02532983,33407897.23562169,8480
1788706800000,3470.85000000,3474.87000000,3469.17000000,3473.20000000,4562.49999660,15842891.33755582,8100
1788708600000,3473.20000000,3476.55000000,3462.78000000,3466.13000000,947.18393837,3285295.24833368,194
1788710400000,3466.13000000,3475.02000000,3465.67000000,3474.79000000,6224.58671230,21610691.08954100,3342
1788712200000,3474.79000000,3481.84000000,3468.71000000,3475.76000000,1516.71349097,5271245.38462795,5277
1788714000000,3475.76000000,3476.47000000,3460.31000000,3460.94000000,5938.86402879,20583539.37358743,3058
1788715800000,3460.94000000,3463.47000000,3447.42000000,3449.95000000,4188.25910291,14464639.89507784,3267
1788717600000,3449.95000000,3455.94000000,3438.03000000,3444.02000000,9758.61137860,33628143.24207481,5083
1788719400000,3444.02000000,3446.06000000,3443.71000000,3446.05000000,7069.78278579,24357324.03570519,12901
1788721200000,3446.05000000,3454.27000000,3442.39000000,3450.61000000,2135.58100728,7365814.85219649,2588
1788723000000,3450.61000000,3452.16000000,3447.88000000,3449.43000000,3151.99863548,10873847.92809355,1984
1788724800000,3449.43000000,3449.70000000,3444.10000000,3444.41000000,2858.45356962,9850431.05145878,2419
1788726600000,3444.41000000,3449.87000000,3442.26000000,3447.72000000,3490.01769508,12028751.09205462,22582
1788728400000,3447.72000000,3447.85000000,3445.08000000,3445.51000000,4358.45480769,15019873.06127683,12995
1788730200000,3445.51000000,3449.28000000,3444.28000000,3448.05000000,3299.80570725,11375106.14389774,3667
1788732000000,3448.05000000,3450.69000000,3444.13000000,3446.77000000,2391.25786362,8243140.14866390,8549
1788733800000,3446.77000000,3449.59000000,3446.06000000,3448.87000000,3582.88719956,12354410.90975485,4323
1788735600000,3448.87000000,3449.70000000,3443.80000000,3444.62000000,4726.60243809,16288060.12215924,8749
1788737400000,3444.62000000,3449.27000000,3438.43000000,3443.07000000,4535.67292603,15618996.63551595,4359
1788739200000,3443.07000000,3447.48000000,3440.28000000,3444.69000000,2397.34966361,8256839.39347479,1570
1788741000000,3444.69000000,3447.07000000,3441.47000000,3443.85000000,3075.01605888,10590758.00253089,10601
1788742800000,3443.85000000,3447.04000000,3442.04000000,3445.22000000,2265.35286867,7803610.36113103,8249
1788744600000,3445.22000000,3446.68000000,3442.32000000,3443.78000000,5759.77061283,19838167.37029276,1191
1788746400000,3443.78000000,3447.50000000,3437.58000000,3441.30000000,3457.73042283,11901950.65977998,2395
1788748200000,3441.30000000,3454.17000000,3437.12000000,3450.00000000,4928.59040734,16989334.89609538,3166
1788750000000,3450.00000000,3457.60000000,3445.95000000,3453.55000000,2174.43451615,7506947.91482215,10849
1788751800000,3453.55000000,3456.00000000,3452.72000000,3455.17000000,2268.20503478,7835818.85603292,1705
1788753600000,3455.17000000,3459.48000000,3443.42000000,3447.73000000,5221.37362927,18014833.23760936,7504
1788755400000,3447.73000000,3449.33000000,3441.57000000,3443.17000000,3412.69411501,11755671.13626046,1641
1788757200000,3443.17000000,3447.95000000,3440.50000000,3445.28000000,4268.58855584,14703476.36099346,2019
1788759000000,3445.28000000,3450.85000000,3444.75000000,3450.35000000,2985.04773022,10294383.37114500,4212
1788760800000,3450.35000000,3452.00000000,3445.46000000,3447.12000000,5698.71067916,19650266.95050189,11957
1788762600000,3447.12000000,3447.47000000,3445.67000000,3445.82000000,4789.45528541,16505986.46921517,1907
1788764400000,3445.82000000,3448.94000000,3442.15000000,3445.27000000,2125.83100040,7324452.92653049,4160
1788766200000,3445.27000000,3460.49000000,3438.23000000,3453.45000000,2388.61143627,8242431.00317269,2443
1788768000000,3453.45000000,3453.73000000,3449.66000000,3450.46000000,2453.29280959,8467014.88050644,1388
1788769800000,3450.46000000,3451.29000000,3449.88000000,3451.12000000,3679.14149073,12695850.57867120,1543
1788771600000,3451.12000000,3455.08000000,3447.29000000,3451.25000000,2519.80939742,8696376.21692716,5351
1788773400000,3451.25000000,3453.28000000,3449.76000000,3451.80000000,3489.30057210,12043715.43166358,23956
1788775200000,3451.80000000,3458.83000000,3449.05000000,3456.08000000,2920.67397460,10089919.37953314,9003
1788777000000,3456.08000000,3458.53000000,3451.43000000,3453.87000000,6129.92921011,21176512.39382118,9190
1788778800000,3453.87000000,3453.91000000,3452.50000000,3452.87000000,6023.31869099,20799089.04378492,1548
1788780600000,3452.87000000,3459.85000000,3448.55000000,3455.53000000,2783.49683648,9615984.72599824,6994
1788782400000,3455.53000000,3460.04000000,3451.40000000,3455.92000000,3830.13889569,13236137.86022372,25807
1788784200000,3455.92000000,3460.26000000,3437.08000000,3441.43000000,4554.31895081,15695356.02081618,27599
1788786000000,3441.43000000,3443.78000000,3434.53000000,3436.89000000,5329.64362755,18325447.98902491,12388
1788787800000,3436.89000000,3442.43000000,3428.05000000,3433.60000000,5388.59078584,18508161.24608836,1004
1788789600000,3433.60000000,3440.16000000,3416.90000000,3423.46000000,3829.68717807,13123723.68311955,801
1788791400000,3423.46000000,3432.29000000,3407.81000000,3416.64000000,2591.19618036,8859081.81199178,2184
1788793200000,3416.64000000,3426.96000000,3408.22000000,3418.53000000,3048.62561162,10419909.20167033,17205
1788795000000,3418.53000000,3442.07000000,3410.12000000,3433.66000000,1832.66113023,6283491.27107080,798
1788796800000,3433.66000000,3441.54000000,3425.64000000,3433.52000000,2867.63266824,9846205.56412736,966
1788798600000,3433.52000000,3447.00000000,3429.72000000,3443.20000000,3577.27643099,12305739.06279037,8265
1788800400000,3443.20000000,3462.72000000,3435.97000000,3455.49000000,3753.31347989,12954172.71799322,2360
1788802200000,3455.49000000,3462.23000000,3451.81000000,3458.54000000,1448.84427467,5009418.16786266,4651
1788804000000,3458.54000000,3462.92000000,3451.71000000,3456.08000000,2144.55443176,7413510.42342862,14262
1788805800000,3456.08000000,3462.01000000,3452.09000000,3458.02000000,1459.33994423,5045483.07530082,7238
1788807600000,3458.02000000,3460.89000000,3443.15000000,3446.02000000,3915.84895336,13509754.98778165,16098
1788809400000,3446.02000000,3469.34000000,3436.53000000,3459.84000000,4625.25892706,15981360.59636339,3789
1788811200000,3459.84000000,3476.66000000,3456.74000000,3473.55000000,3111.62915600,10794190.60746961,5358
1788813000000,3473.55000000,3483.44000000,3470.04000000,3479.93000000,5529.75420077,19231386.79309652,6410
1788814800000,3479.93000000,3481.93000000,3473.54000000,3475.54000000,3091.54149401,10749304.81288741,15663
1788816600000,3475.54000000,3485.61000000,3474.78000000,3485.34000000,907.07357899,3158351.36606682,773
1788818400000,3485.34000000,3489.97000000,3471.24000000,3475.87000000,3344.62158449,11636027.06139484,4111
1788820200000,3475.87000000,3483.78000000,3468.02000000,3475.93000000,5448.53000931,18938607.06590320,1393
1788822000000,3475.93000000,3477.26000000,3473.93000000,3475.25000000,3202.71533779,11130971.45630188,767
1788823800000,3475.25000000,3476.56000000,3467.47000000,3468.78000000,5473.24613785,18997295.12892399,6310
1788825600000,3468.78000000,3478.45000000,3468.29000000,3478.19000000,1712.88952062,5952253.24860780,9544
1788827400000,3478.19000000,3483.43000000,3469.48000000,3474.73000000,1853.82276383,6443670.68358161,5474
1788829200000,3474.73000000,3476.88000000,3472.63000000,3474.78000000,3990.65857019,13866583.22946310,1633
1788831000000,3474.78000000,3480.59000000,3467.18000000,3472.99000000,4342.24006820,15083151.60435994,3362
1788832800000,3472.99000000,3482.24000000,3456.36000000,3465.61000000,2398.08980635,8316742.73921447,3169
1788834600000,3465.61000000,3471.05000000,3456.80000000,3462.24000000,1155.59930454,4002260.96317446,327
1788836400000,3462.24000000,3470.24000000,3433.81000000,3441.81000000,1795.51249652,6192041.46187578,539
1788838200000,3441.81000000,3445.71000000,3426.65000000,3430.55000000,3294.82865084,11315433.73254032,6775
1788840000000,3430.55000000,3436.00000000,3424.84000000,3430.29000000,3406.00766272,11683896.21522017,15283
1788841800000,3430.29000000,3436.02000000,3417.53000000,3423.25000000,2721.36378839,9322293.56809177,10035
1788843600000,3423.25000000,3424.56000000,3415.57000000,3416.88000000,2712.13721161,9272804.55605782,8512
1788845400000,3416.88000000,3422.49000000,3412.30000000,3417.91000000,1985.69208367,6786236.23983660,5967
1788847200000,3417.91000000,3434.23000000,3414.14000000,3430.47000000,3448.87281769,11816804.96433039,626
1788849000000,3430.47000000,3442.27000000,3424.86000000,3436.66000000,2481.45381138,8522792.83223109,4912
1788850800000,3436.66000000,3440.32000000,3430.64000000,3434.30000000,2837.50751953,9747080.05536327,536
1788852600000,3434.30000000,3443.92000000,3428.98000000,3438.60000000,1864.22778386,6407657.61505179,1195
1788854400000,3438.60000000,3453.77000000,3438.27000000,3453.63000000,2469.51750711,8516271.64194626,1937
1788856200000,3453.63000000,3454.03000000,3452.14000000,3453.66000000,3797.58999263,13114141.11179380,749
1788858000000,3453.66000000,3473.45000000,3446.21000000,3466.00000000,772.14344494,2673072.48125360,1186
1788859800000,3466.00000000,3467.37000000,3455.62000000,3457.00000000,3383.37017063,11706449.22190315,8169
1788861600000,3457.00000000,3462.75000000,3450.78000000,3456.54000000,9710.18768619,33565100.07492232,10099
1788863400000,3456.54000000,3469.16000000,3451.50000000,3464.13000000,3693.89470995,12786770.42763698,7538
1788865200000,3464.13000000,3471.84000000,3449.68000000,3457.40000000,2835.95722060,9811392.36499228,886
1788867000000,3457.40000000,3459.55000000,3448.04000000,3450.20000000,3646.60133115,12590246.69776924,935
1788868800000,3450.20000000,3456.55000000,3438.06000000,3444.42000000,3543.56447940,12212338.39659690,8244
1788870600000,3444.42000000,3457.76000000,3437.45000000,3450.80000000,2245.69665930,7744667.61426369,861
1788872400000,3450.80000000,3467.67000000,3447.06000000,3463.93000000,2923.88413874,10115329.56922037,743
1788874200000,3463.93000000,3469.88000000,3453.39000000,3459.34000000,3842.83342933,13299544.82930116,1666
1788876000000,3459.34000000,3465.28000000,3441.48000000,3447.42000000,4356.55100359,15036157.29002732,9779
1788877800000,3447.42000000,3447.99000000,3443.15000000,3443.67000000,3399.66197295,11711622.36081528,2056
1788879600000,3443.67000000,3445.05000000,3442.29000000,3443.67000000,3733.53284577,12857062.09736703,7862
1788881400000,3443.67000000,3450.55000000,3438.36000000,3445.25000000,3298.66241130,11362974.92333712,3950
1788883200000,3445.25000000,3449.57000000,3438.77000000,3443.09000000,2867.30576716,9874457.35610414,17624
1788885000000,3443.09000000,3452.33000000,3439.37000000,3448.60000000,3158.60115519,10886961.48873924,1393
1788886800000,3448.60000000,3454.15000000,3433.08000000,3438.63000000,1085.03931927,3734654.16365079,4559
1788888600000,3438.63000000,3448.75000000,3430.41000000,3440.54000000,1913.22458655,6581301.18672295,4545
1788890400000,3440.54000000,3469.22000000,3439.78000000,3467.49000000,1957.14361016,6769427.13605203,1510
1788892200000,3467.49000000,3475.75000000,3449.95000000,3458.22000000,2986.54794429,10337359.17002502,835
1788894000000,3458.22000000,3478.81000000,3455.24000000,3475.83000000,4299.94863378,14920650.05644856,28767
1788895800000,3475.83000000,3482.82000000,3454.80000000,3461.79000000,1392.97419516,4828701.30528384,762
1788897600000,3461.79000000,3467.65000000,3447.89000000,3453.75000000,5894.37102040,20373490.60479824,10712
1788899400000,3453.75000000,3456.30000000,3445.97000000,3448.51000000,2134.66153486,7365131.85788697,577
1788901200000,3448.51000000,3454.27000000,3445.21000000,3450.98000000,2974.60594433,10262848.89045788,3830
1788903000000,3450.98000000,3455.83000000,3444.82000000,3449.68000000,2324.02702699,8018146.45970163,594
1788904800000,3449.68000000,3452.54000000,3441.94000000,3444.81000000,1593.11758779,5490568.41528867,1312
1788906600000,3444.81000000,3451.04000000,3437.72000000,3443.96000000,3804.03070526,13101993.98603553,5095
1788908400000,3443.96000000,3448.88000000,3435.27000000,3440.20000000,6850.87779713,23576957.48169544,21816
1788910200000,3440.20000000,3441.92000000,3434.67000000,3436.39000000,5192.04609563,17848498.21234067,8924
1788912000000,3436.39000000,3444.16000000,3425.69000000,3433.46000000,3915.60648103,13447900.15022675,937
1788913800000,3433.46000000,3442.21000000,3425.70000000,3434.45000000,11602.89970818,39845732.50561804,55640
1788915600000,3434.45000000,3442.19000000,3421.65000000,3429.39000000,1561.89969176,5358992.64331608,671
1788917400000,3429.39000000,3451.40000000,3420.36000000,3442.38000000,4973.27441856,17098360.39082928,25361
1788919200000,3442.38000000,3451.99000000,3414.22000000,3423.83000000,3942.21929052,13521863.00070614,774
1788921000000,3423.83000000,3441.42000000,3420.69000000,3438.28000000,2508.93506320,8614333.69929091,780
1788922800000,3438.28000000,3447.46000000,3429.39000000,3438.57000000,4605.28482768,15835153.08113940,4046
1788924600000,3438.57000000,3449.20000000,3435.46000000,3446.09000000,3026.99761473,10423715.21237399,10701
1788926400000,3446.09000000,3455.95000000,3444.63000000,3454.49000000,5280.64815435,18227164.00858482,17345
1788928200000,3454.49000000,3455.65000000,3446.77000000,3447.92000000,2729.84113120,9418255.08446000,16852
1788930000000,3447.92000000,3454.47000000,3438.39000000,3444.95000000,3927.60674603,13534287.78544425,779
1788931800000,3444.95000000,3453.19000000,3438.18000000,3446.42000000,6582.37687099,22682411.11506855,3221
1788933600000,3446.42000000,3450.45000000,3434.32000000,3438.35000000,1544.92701988,5316155.10591295,1007
1788935400000,3438.35000000,3441.99000000,3432.45000000,3436.10000000,1548.37734999,5321538.59857733,864
1788937200000,3436.10000000,3436.27000000,3434.98000000,3435.09000000,4159.53048734,14289842.41343345,2470
1788939000000,3435.09000000,3441.25000000,3432.37000000,3438.53000000,2691.37563520,9251298.32376408,815
1788940800000,3438.53000000,3440.19000000,3427.64000000,3429.30000000,4245.45006123,14571989.80945077,950
1788942600000,3429.30000000,3430.02000000,3426.94000000,3427.01000000,1274.59518563,4369296.23928453,545
1788944400000,3427.01000000,3437.89000000,3421.74000000,3432.62000000,4551.64158592,15615549.99511760,7566
1788946200000,3432.62000000,3434.00000000,3431.03000000,3432.41000000,3332.07276018,11437275.54653365,1099
1788948000000,3432.41000000,3437.23000000,3428.30000000,3433.12000000,3537.58756085,12144126.14079760,17318
1788949800000,3433.12000000,3440.65000000,3427.17000000,3434.70000000,2728.10790142,9368802.05899276,7049
1788951600000,3434.70000000,3438.19000000,3432.31000000,3435.80000000,2741.39859292,9417888.24671149,840
1788953400000,3435.80000000,3440.47000000,3428.34000000,3433.01000000,6917.25596066,23753449.87418548,4986
1788955200000,3433.01000000,3436.47000000,3426.28000000,3429.73000000,4746.93082545,16285898.30244042,4765
1788957000000,3429.73000000,3431.20000000,3424.00000000,3425.47000000,3831.09533925,13128736.00991551,5754
1788958800000,3425.47000000,3428.13000000,3424.47000000,3427.13000000,2275.81373263,7798246.19326264,4234
1788960600000,3427.13000000,3434.34000000,3426.48000000,3433.69000000,4929.78334951,16916566.79390692,3247
1788962400000,3433.69000000,3445.05000000,3428.43000000,3439.79000000,1352.00590466,4647865.24075711,2044
1788964200000,3439.79000000,3449.76000000,3438.13000000,3448.10000000,1823.36788393,6282104.38819484,1977
1788966000000,3448.10000000,3455.48000000,3442.68000000,3450.06000000,1701.45955308,5869023.87355355,674
1788967800000,3450.06000000,3455.86000000,3445.27000000,3451.08000000,2764.89661198,9540930.66585778,576
1788969600000,3451.08000000,3455.71000000,3443.13000000,3447.77000000,3343.33374306,11530734.95394287,10194
1788971400000,3447.77000000,3451.43000000,3433.40000000,3437.06000000,1849.27262780,6362662.14614330,329
1788973200000,3437.06000000,3441.50000000,3433.82000000,3438.26000000,1811.40014883,6227340.46804078,10565
1788975000000,3438.26000000,3439.60000000,3434.35000000,3435.69000000,2965.46790089,10190977.62313258,816
1788976800000,3435.69000000,3438.89000000,3433.36000000,3436.55000000,4136.38219885,14213714.40676474,3885
1788978600000,3436.55000000,3439.69000000,3427.17000000,3430.30000000,2054.02910554,7050223.46367930,1628
1788980400000,3430.30000000,3436.43000000,3422.05000000,3428.18000000,3697.76794250,12679223.18382583,2996
1788982200000,3428.18000000,3432.92000000,3421.55000000,3426.29000000,3710.27632188,12714827.61132624,2105
1788984000000,3426.29000000,3432.19000000,3415.22000000,3421.12000000,1435.57933532,4913767.09348014,480
1788985800000,3421.12000000,3426.48000000,3417.93000000,3423.29000000,2062.77357090,7059979.56522423,13088
1788987600000,3423.29000000,3433.96000000,3417.85000000,3428.52000000,4102.01009982,14056669.70011073,27074
1788989400000,3428.52000000,3432.72000000,3424.35000000,3428.55000000,10521.27734721,36072608.57122389,3583
1788991200000,3428.55000000,3435.38000000,3422.56000000,3429.39000000,2658.81132162,9117362.68240492,3581
1788993000000,3429.39000000,3431.92000000,3429.31000000,3431.78000000,3210.99013747,11016911.90584261,1039
1788994800000,3431.78000000,3432.88000000,3430.94000000,3432.05000000,6018.63936944,20655705.33011785,30387
1788996600000,3432.05000000,3436.94000000,3423.66000000,3428.55000000,4783.62696501,16406491.53663719,2575
1788998400000,3428.55000000,3430.53000000,3416.26000000,3418.24000000,2968.73303175,10158046.19397748,7448
1789000200000,3418.24000000,3424.52000000,3416.96000000,3423.25000000,1996.18987940,6830116.57742912,487
1789002000000,3423.25000000,3428.26000000,3420.86000000,3425.88000000,1682.98277544,5764214.60160150,595
1789003800000,3425.88000000,3428.11000000,3421.54000000,3423.77000000,5492.83454160,18810064.33199750,24532
1789005600000,3423.77000000,3433.64000000,3422.25000000,3432.11000000,3333.95211807,11433231.38425916,9894
1789007400000,3432.11000000,3434.05000000,3424.63000000,3426.56000000,5012.47306728,17184813.20524503,3757
1789009200000,3426.56000000,3427.89000000,3423.16000000,3424.48000000,4706.47018148,16120487.24729678,2014
1789011000000,3424.48000000,3426.98000000,3423.64000000,3426.13000000,3447.13366110,11808433.52671470,18278
1789012800000,3426.13000000,3432.37000000,3423.33000000,3429.57000000,2564.89780462,8793554.23065230,2261
1789014600000,3429.57000000,3432.75000000,3428.93000000,3432.11000000,5688.08956023,19517338.41476525,10647
1789016400000,3432.11000000,3434.20000000,3429.72000000,3431.81000000,2937.82869534,10082355.87699132,1268
1789018200000,3431.81000000,3433.59000000,3430.51000000,3432.30000000,1520.07858706,5217113.45602378,7317
1789020000000,3432.30000000,3437.31000000,3429.13000000,3434.15000000,1876.14438004,6441797.30504212,1840
1789021800000,3434.15000000,3438.65000000,3431.40000000,3435.91000000,5633.00957763,19351198.01311864,6575
1789023600000,3435.91000000,3436.42000000,3429.53000000,3430.01000000,947.69931082,3252489.65560306,364
1789025400000,3430.01000000,3434.14000000,3426.69000000,3430.81000000,4771.69074996,16369497.47732083,6286
1789027200000,3430.81000000,3433.34000000,3424.28000000,3426.81000000,2425.57951284,8315241.81290271,3718
1789029000000,3426.81000000,3427.49000000,3422.46000000,3423.14000000,2687.30873799,9202321.97832037,531
1789030800000,3423.14000000,3429.86000000,3419.67000000,3426.39000000,3391.29020091,11616213.69088138,1620
1789032600000,3426.39000000,3426.92000000,3425.76000000,3426.23000000,5660.15786968,19393420.37161482,12328
1789034400000,3426.23000000,3428.13000000,3424.84000000,3426.74000000,1766.30903905,6052382.17644064,462
1789036200000,3426.74000000,3427.65000000,3422.32000000,3423.24000000,3856.19803863,13205186.34733829,721
1789038000000,3423.24000000,3424.93000000,3414.14000000,3415.83000000,6523.82690883,22300387.96764184,2170
1789039800000,3415.83000000,3424.19000000,3410.13000000,3418.49000000,4050.12683756,13841736.31647136,816
1789041600000,3418.49000000,3428.76000000,3416.07000000,3426.33000000,5945.98474331,20357382.75692577,4731
1789043400000,3426.33000000,3428.43000000,3425.83000000,3428.07000000,3039.63344794,10418177.80415254,11779
1789045200000,3428.07000000,3435.66000000,3421.81000000,3429.40000000,14952.07343461,51270040.90782898,18978
1789047000000,3429.40000000,3430.21000000,3429.06000000,3430.02000000,2024.10175878,6942189.31738331,2640
1789048800000,3430.02000000,3431.97000000,3424.20000000,3426.15000000,6570.23398451,22519075.18225934,12798
1789050600000,3426.15000000,3438.67000000,3418.10000000,3430.62000000,2487.83475207,8531113.53293147,7930
1789052400000,3430.62000000,3450.44000000,3427.92000000,3447.74000000,5326.74701464,18334849.20286009,1660
1789054200000,3447.74000000,3455.44000000,3438.98000000,3446.68000000,4395.76828609,15152361.39687908,26684
1789056000000,3446.68000000,3453.71000000,3432.67000000,3439.70000000,2520.98436718,8677290.87049779,705
1789057800000,3439.70000000,3441.05000000,3433.67000000,3435.02000000,6882.95864478,23653845.40897869,15242
1789059600000,3435.02000000,3441.38000000,3431.01000000,3437.36000000,1784.32752059,6131991.35332809,352
1789061400000,3437.36000000,3447.12000000,3435.37000000,3445.12000000,9792.28834653,33710313.40138802,8170
1789063200000,3445.12000000,3447.25000000,3444.49000000,3446.33000000,2353.45034592,8110041.56516439,1152
1789065000000,3446.33000000,3449.68000000,3432.24000000,3435.59000000,2572.70159137,8847961.76238016,1338
1789066800000,3435.59000000,3440.26000000,3421.62000000,3426.29000000,1614.52631312,5536837.59842019,5044
1789068600000,3426.29000000,3436.37000000,3421.02000000,3431.11000000,3410.10472131,11694950.15114361,22275
1789070400000,3431.11000000,3439.18000000,3424.47000000,3432.54000000,2438.28487145,8368345.36543910,633
1789072200000,3432.54000000,3438.80000000,3424.63000000,3430.89000000,3227.75314006,11075841.98010484,2072
1789074000000,3430.89000000,3438.52000000,3428.42000000,3436.04000000,2621.68392984,9003711.69598641,663
1789075800000,3436.04000000,3439.88000000,3431.78000000,3435.63000000,4315.21431307,14826061.59077088,1409
1789077600000,3435.63000000,3435.82000000,3435.58000000,3435.74000000,3367.57878703,11570038.92061195,17038
1789079400000,3435.74000000,3439.42000000,3435.46000000,3439.04000000,5489.19947485,18871716.83539985,23212
1789081200000,3439.04000000,3440.79000000,3438.87000000,3439.80000000,2818.79335822,9696135.50813070,1315
1789083000000,3439.80000000,3444.12000000,3436.85000000,3441.16000000,4913.25319551,16905076.78963485,2206
1789084800000,3441.16000000,3447.51000000,3436.20000000,3442.54000000,3256.25861313,11208302.37902793,2150
1789086600000,3442.54000000,3443.90000000,3442.01000000,3443.89000000,1340.03818198,4614105.34416128,1097
1789088400000,3443.89000000,3446.82000000,3443.37000000,3446.50000000,7713.23707476,26576440.97998403,2034
1789090200000,3446.50000000,3448.09000000,3436.25000000,3437.84000000,3345.66354761,11511508.35177131,800
1789092000000,3437.84000000,3441.67000000,3431.98000000,3435.81000000,3396.63673557,11672499.66719064,4532
1789093800000,3435.81000000,3439.33000000,3428.63000000,3432.14000000,3409.77383655,11706995.31914278,5865
1789095600000,3432.14000000,3441.35000000,3430.62000000,3439.83000000,3053.16968533,10494555.68137480,1558
1789097400000,3439.83000000,3455.93000000,3431.91000000,3448.00000000,3378.77901191,11640837.97817832,1922
1789099200000,3448.00000000,3448.44000000,3446.96000000,3448.28000000,1964.04680529,6771820.03819506,612
1789101000000,3448.28000000,3452.87000000,3447.80000000,3452.51000000,2818.76431519,9727731.96432425,16272
1789102800000,3452.51000000,3452.76000000,3451.11000000,3451.86000000,3848.00530262,13282973.36597955,10375
1789104600000,3451.86000000,3465.02000000,3448.86000000,3462.01000000,2297.82477710,7947323.88933787,888
1789106400000,3462.01000000,3462.16000000,3456.58000000,3457.15000000,2169.98824086,7505190.47510900,10206
1789108200000,3457.15000000,3457.92000000,3456.50000000,3457.83000000,1594.28652131,5512116.31713701,7853
1789110000000,3457.83000000,3459.59000000,3455.36000000,3457.12000000,2478.54908904,8569226.77899997,732
1789111800000,3457.12000000,3459.55000000,3442.33000000,3444.76000000,3290.67780693,11349151.98458985,20607
1789113600000,3444.76000000,3455.22000000,3436.28000000,3446.74000000,1744.94136121,6013205.10067369,3544
1789115400000,3446.74000000,3458.60000000,3426.44000000,3438.31000000,3671.19430302,12633011.52331564,3869
1789117200000,3438.31000000,3460.10000000,3426.23000000,3448.02000000,7168.73818634,24694754.07005757,13790
1789119000000,3448.02000000,3448.60000000,3445.80000000,3445.80000000,2602.63810408,8970607.22771242,3644
1789120800000,3445.80000000,3465.58000000,3440.49000000,3460.26000000,2184.60556022,7548783.06228411,7964
1789122600000,3460.26000000,3469.76000000,3446.87000000,3456.37000000,3556.76903649,12298128.82738000,7875
1789124400000,3456.37000000,3465.99000000,3436.34000000,3445.97000000,3461.78784440,11941216.58324176,10443
1789126200000,3445.97000000,3447.08000000,3443.84000000,3444.29000000,2008.79904525,6920459.47923438,1308
1789128000000,3444.29000000,3453.31000000,3430.94000000,3439.96000000,3456.72780899,11896005.40684091,9252
1789129800000,3439.96000000,3460.59000000,3432.32000000,3452.94000000,8651.91904656,29837151.72390466,59446
1789131600000,3452.94000000,3465.13000000,3446.98000000,3459.17000000,4339.46356733,15001943.75384575,14493
1789133400000,3459.17000000,3465.70000000,3442.47000000,3448.99000000,2626.10492353,9066326.80707275,1965
1789135200000,3448.99000000,3469.52000000,3440.41000000,3460.93000000,1729.20215206,5977771.93918329,2493
1789137000000,3460.93000000,3477.50000000,3455.77000000,3472.34000000,6993.41040887,24256898.42554577,3994
1789138800000,3472.34000000,3483.48000000,3463.09000000,3474.23000000,2055.38161638,7139574.44583910,4624
1789140600000,3474.23000000,3479.34000000,3465.63000000,3470.73000000,3069.38047256,10656581.06448233,1902
1789142400000,3470.73000000,3479.72000000,3455.57000000,3464.56000000,7195.62264299,24944468.30018594,6642
1789144200000,3464.56000000,3466.62000000,3460.37000000,3463.48000000,7549.30474310,26146938.32760116,21282
1789146000000,3463.48000000,3463.86000000,3458.21000000,3458.85000000,7550.16585853,26125899.89929719,5317
1789147800000,3458.85000000,3463.18000000,3450.23000000,3454.56000000,6021.29466544,20809523.95957997,1672
1789149600000,3454.56000000,3458.04000000,3431.24000000,3434.72000000,4376.70439945,15061685.84332684,24316
1789151400000,3434.72000000,3445.07000000,3428.75000000,3439.10000000,4164.35018588,14315540.72117432,3258
1789153200000,3439.10000000,3449.06000000,3434.85000000,3444.81000000,5544.79261690,19090197.54409038,1213
1789155000000,3444.81000000,3446.84000000,3439.45000000,3441.48000000,7866.63466541,27081576.81750699,15299
1789156800000,3441.48000000,3447.44000000,3430.40000000,3436.36000000,4223.69730741,14521348.16963245,2947
1789158600000,3436.36000000,3443.71000000,3424.00000000,3431.35000000,4151.94266222,14253692.46115553,791
1789160400000,3431.35000000,3433.31000000,3420.09000000,3422.05000000,2920.75788793,10004026.46445872,1009
1789162200000,3422.05000000,3439.89000000,3414.96000000,3432.80000000,2652.67126807,9096590.01127053,8208
1789164000000,3432.80000000,3434.47000000,3425.93000000,3427.59000000,7437.95877462,25507222.34857162,3633
1789165800000,3427.59000000,3433.03000000,3415.80000000,3421.24000000,4848.24465589,16597275.07276153,2393
1789167600000,3421.24000000,3425.83000000,3415.95000000,3420.55000000,3664.31551889,12534809.88843788,7743
1789169400000,3420.55000000,3440.66000000,3409.89000000,3430.00000000,2107.43440963,7221862.17197553,6874
1789171200000,3430.00000000,3441.45000000,3415.49000000,3426.94000000,2131.61399773,7307094.57539198,376
1789173000000,3426.94000000,3449.90000000,3417.11000000,3440.06000000,3522.52963594,12102310.15603438,2090
1789174800000,3440.06000000,3442.45000000,3434.27000000,3436.67000000,3963.59111033,13626022.67707088,4968
1789176600000,3436.67000000,3439.51000000,3435.05000000,3438.44000000,4246.13304073,14596790.67847593,1870
1789178400000,3438.44000000,3444.12000000,3432.54000000,3438.22000000,2239.39444065,7699688.88353939,414
1789180200000,3438.22000000,3448.64000000,3430.04000000,3440.46000000,6490.55689936,22325668.70618545,13002
1789182000000,3440.46000000,3450.75000000,3437.00000000,3447.29000000,2060.35756006,7097964.48820900,2189
1789183800000,3447.29000000,3463.34000000,3435.75000000,3451.80000000,2241.03609176,7732240.86258890,1637
1789185600000,3451.80000000,3457.72000000,3435.78000000,3441.70000000,5290.58137019,18226407.06081783,1198
1789187400000,3441.70000000,3450.54000000,3416.24000000,3425.08000000,4448.17077309,15259990.19308746,5397
1789189200000,3425.08000000,3436.02000000,3410.72000000,3421.67000000,2352.57522074,8052405.32761348,15086
1789191000000,3421.67000000,3433.28000000,3418.38000000,3429.99000000,2995.63169572,10266684.33518155,1022
1789192800000,3429.99000000,3433.04000000,3423.45000000,3426.50000000,2820.25015347,9666866.38011656,8117
1789194600000,3426.50000000,3426.58000000,3418.63000000,3418.83000000,2584.25145948,8841624.25031362,569
1789196400000,3418.83000000,3441.81000000,3411.24000000,3434.22000000,4176.35728701,14321102.56040162,10563
1789198200000,3434.22000000,3456.70000000,3426.43000000,3448.91000000,2253.40727075,7760765.46218921,813
1789200000000,3448.91000000,3453.99000000,3444.40000000,3449.48000000,3150.50494116,10867008.42314266,1355
1789201800000,3449.48000000,3456.10000000,3444.43000000,3451.05000000,6153.37663905,21232410.98797606,3890
1789203600000,3451.05000000,3456.21000000,3447.19000000,3452.35000000,4624.21436846,15962406.02875318,26829
1789205400000,3452.35000000,3457.36000000,3442.39000000,3447.40000000,3531.71901005,12181071.92803953,1777
1789207200000,3447.40000000,3448.87000000,3443.65000000,3445.11000000,3713.97314464,12797887.83528558,7172
1789209000000,3445.11000000,3450.43000000,3441.60000000,3446.92000000,1760.31838146,6066621.53314920,6847
1789210800000,3446.92000000,3458.52000000,3445.49000000,3457.08000000,3583.79068887,12377318.41922124,4823
1789212600000,3457.08000000,3460.69000000,3441.41000000,3445.02000000,2723.64510491,9393958.14647290,11075
1789214400000,3445.02000000,3461.88000000,3437.64000000,3454.50000000,3867.86350428,13349317.16840543,5798
1789216200000,3454.50000000,3457.42000000,3443.16000000,3446.08000000,6929.78369875,23900032.35851888,1777
1789218000000,3446.08000000,3454.91000000,3441.89000000,3450.73000000,3781.60197974,13043414.25228322,3675
1789219800000,3450.73000000,3456.24000000,3429.40000000,3434.92000000,2957.74686843,10175204.25463241,6435
1789221600000,3434.92000000,3447.05000000,3431.98000000,3444.11000000,2320.21186812,7983952.95760741,7823
1789223400000,3444.11000000,3446.17000000,3429.02000000,3431.09000000,3074.40963605,10561907.30051723,703
1789225200000,3431.09000000,3436.82000000,3409.07000000,3414.80000000,2594.15440087,8872608.35278151,1748
1789227000000,3414.80000000,3419.73000000,3406.13000000,3411.06000000,4633.47223416,15810839.30487960,3847
1789228800000,3411.06000000,3431.83000000,3402.39000000,3423.16000000,2692.35103639,9205492.55055858,790
1789230600000,3423.16000000,3426.28000000,3415.89000000,3419.01000000,1847.19740305,6318145.38636437,2722
1789232400000,3419.01000000,3429.63000000,3400.38000000,3411.00000000,5262.85102511,17965648.76714310,35303
1789234200000,3411.00000000,3424.69000000,3408.72000000,3422.41000000,1979.56007011,6767342.48986384,10469
1789236000000,3422.41000000,3430.36000000,3413.93000000,3421.88000000,3473.36237527,11886048.79607651,6813
1789237800000,3421.88000000,3427.09000000,3414.95000000,3420.16000000,7318.89439504,25035967.56902312,1276
1789239600000,3420.16000000,3432.08000000,3417.73000000,3429.65000000,3321.65923110,11381624.35820162,1884
1789241400000,3429.65000000,3443.91000000,3421.47000000,3435.73000000,4214.10361875,14469982.61649169,4255
1789243200000,3435.73000000,3438.00000000,3428.12000000,3430.39000000,9324.22018270,32002294.10552378,12180
1789245000000,3430.39000000,3438.99000000,3420.52000000,3429.12000000,2821.51599224,9676510.32936041,4123
1789246800000,3429.12000000,3445.43000000,3420.34000000,3436.64000000,1888.88565218,6486687.02119294,5719
1789248600000,3436.64000000,3440.45000000,3430.22000000,3434.04000000,1981.46909061,6806157.17303351,11719
1789250400000,3434.04000000,3442.30000000,3433.55000000,3441.72000000,2987.97607207,10276208.31179370,1285
1789252200000,3441.72000000,3448.50000000,3439.35000000,3446.13000000,3923.72463384,13515887.43673448,24423
1789254000000,3446.13000000,3453.31000000,3442.03000000,3449.21000000,2831.18057826,9762427.45500852,1495
1789255800000,3449.21000000,3451.08000000,3448.66000000,3450.18000000,1589.75998080,5484632.08849308,908
1789257600000,3450.18000000,3458.49000000,3423.23000000,3431.54000000,1923.95884077,6614091.29580581,3650
1789259400000,3431.54000000,3438.55000000,3425.05000000,3432.06000000,3861.83443241,13253364.73765405,25135
1789261200000,3432.06000000,3439.40000000,3420.95000000,3428.29000000,6011.11392570,20615384.18553352,30174
1789263000000,3428.29000000,3444.64000000,3422.03000000,3438.38000000,3668.39572278,12600997.27659423,13323
1789264800000,3438.38000000,3449.52000000,3429.47000000,3440.61000000,2703.58606342,9299978.08517213,5186
1789266600000,3440.61000000,3444.56000000,3432.76000000,3436.71000000,4463.60632804,15345938.84666931,11442
1789268400000,3436.71000000,3441.95000000,3425.95000000,3431.19000000,8598.82964202,29520051.91380733,20236
1789270200000,3431.19000000,3436.05000000,3411.67000000,3416.53000000,5849.91478731,20014991.58265636,12215
1789272000000,3416.53000000,3422.25000000,3404.26000000,3409.98000000,2733.89348629,9328496.30892687,5572
1789273800000,3409.98000000,3424.96000000,3404.11000000,3419.09000000,5245.76136721,17919809.39111550,1329
1789275600000,3419.09000000,3424.90000000,3410.05000000,3415.86000000,3959.43649732,13529139.85736116,5508
1789277400000,3415.86000000,3418.57000000,3413.74000000,3416.45000000,3592.85174886,12274088.41903249,712
1789279200000,3416.45000000,3424.68000000,3409.84000000,3418.07000000,3616.62762481,12359923.15646263,14304
1789281000000,3418.07000000,3443.37000000,3416.64000000,3441.94000000,3374.61137851,11588363.96557168,1192
1789282800000,3441.94000000,3449.74000000,3428.63000000,3436.43000000,1875.94659521,6450006.22221269,614
1789284600000,3436.43000000,3447.76000000,3430.29000000,3441.62000000,7818.28955916,26894037.10329802,10912
1789286400000,3441.62000000,3450.01000000,3436.13000000,3444.53000000,2510.90651853,8646450.84869299,586
1789288200000,3444.53000000,3460.01000000,3439.34000000,3454.83000000,6615.67438979,22833310.76027000,42300
1789290000000,3454.83000000,3457.70000000,3452.96000000,3455.83000000,2862.00182102,9889643.30567594,16801
1789291800000,3455.83000000,3457.59000000,3454.09000000,3455.85000000,3652.82425060,12623585.40202896,971
1789293600000,3455.85000000,3466.42000000,3454.58000000,3465.15000000,2809.12140930,9725317.02043297,985
1789295400000,3465.15000000,3470.15000000,3459.75000000,3464.74000000,5179.71258471,17947074.76168413,2582
1789297200000,3464.74000000,3468.05000000,3464.60000000,3467.85000000,4534.29853840,15719658.23614650,12957
1789299000000,3467.85000000,3474.42000000,3465.38000000,3471.95000000,1834.58593608,6367088.36263692,3678
1789300800000,3471.95000000,3475.88000000,3460.18000000,3464.11000000,2339.49583694,8110384.47212656,2354
1789302600000,3464.11000000,3468.84000000,3462.37000000,3467.10000000,2608.92153534,9042788.20001394,6920
1789304400000,3467.10000000,3470.11000000,3444.76000000,3447.77000000,8380.06175885,28946503.26583139,23001
1789306200000,3447.77000000,3455.93000000,3433.60000000,3441.76000000,4227.52767663,14558613.07155341,3380
1789308000000,3441.76000000,3455.86000000,3431.29000000,3445.39000000,4077.75630297,14044524.74714789,12448
1789309800000,3445.39000000,3449.43000000,3440.07000000,3444.12000000,4894.40800214,16859001.65909269,5577
1789311600000,3444.12000000,3456.91000000,3442.39000000,3455.17000000,3874.70338232,13373499.47199071,17486
1789313400000,3455.17000000,3459.25000000,3447.68000000,3451.76000000,3243.89859984,11200849.29021817,2016
1789315200000,3451.76000000,3457.35000000,3437.82000000,3443.42000000,2752.75317170,9486535.33026995,705
1789317000000,3443.42000000,3446.38000000,3437.65000000,3440.61000000,5157.85902020,17751020.21111811,27403
1789318800000,3440.61000000,3442.21000000,3436.93000000,3438.53000000,2032.10323893,6988859.30465586,904
1789320600000,3438.53000000,3447.01000000,3429.57000000,3438.05000000,3132.95506247,10771750.50976962,1524
1789322400000,3438.05000000,3445.16000000,3431.84000000,3438.96000000,3798.88907298,13063070.78868806,1823
1789324200000,3438.96000000,3439.46000000,3434.51000000,3435.45000000,2255.39889401,7750620.19629620,786
1789326000000,3435.45000000,3447.43000000,3429.29000000,3441.27000000,3383.70579390,11637687.83122895,6708
1789327800000,3441.27000000,3452.89000000,3435.87000000,3447.49000000,2447.79994645,8433685.60970802,4156
1789329600000,3447.49000000,3460.82000000,3439.60000000,3452.94000000,2870.45995035,9906311.62320272,871
1789331400000,3452.94000000,3457.49000000,3447.04000000,3451.60000000,3633.12609233,12541713.36788880,2255
1789333200000,3451.60000000,3454.90000000,3444.51000000,3447.81000000,3288.84413592,11343459.62778516,3307
1789335000000,3447.81000000,3456.01000000,3443.13000000,3451.33000000,5030.87226505,17357281.46936979,4037
1789336800000,3451.33000000,3455.80000000,3450.66000000,3455.80000000,2601.70496789,8986513.25156404,1489
1789338600000,3455.80000000,3461.94000000,3447.13000000,3453.27000000,1915.71083526,6617084.84791076,12634
1789340400000,3453.27000000,3459.10000000,3438.88000000,3444.71000000,3998.74269813,13785922.55856297,15800
1789342200000,3444.71000000,3447.90000000,3443.03000000,3446.23000000,5512.91367262,18995963.42357401,5590
1789344000000,3446.23000000,3447.12000000,3442.23000000,3442.82000000,2854.05859199,9829542.55607138,813
1789345800000,3442.82000000,3450.93000000,3427.94000000,3436.04000000,3749.18899818,12890847.83218237,5733
1789347600000,3436.04000000,3444.43000000,3419.57000000,3427.96000000,3192.91920658,10953804.03999479,20650
1789349400000,3427.96000000,3434.06000000,3412.06000000,3418.16000000,1793.99313020,6138011.20677361,6232
1789351200000,3418.16000000,3421.98000000,3411.49000000,3415.31000000,6379.38957312,21793663.60113756,25793
1789353000000,3415.31000000,3420.20000000,3413.78000000,3418.67000000,2746.01372930,9384647.74884773,11095
1789354800000,3418.67000000,3426.46000000,3413.69000000,3421.47000000,5279.64209936,18059226.79879478,31430
1789356600000,3421.47000000,3425.22000000,3420.90000000,3423.99000000,3317.23457285,11356116.30132078,12283
1789358400000,3423.99000000,3430.17000000,3418.77000000,3424.95000000,1493.12831711,5113412.94239720,8293
1789360200000,3424.95000000,3428.65000000,3415.34000000,3419.04000000,3930.60599861,13446637.32090453,15130
1789362000000,3419.04000000,3424.52000000,3413.76000000,3419.24000000,2005.98894760,6858818.71513341,6939
1789363800000,3419.24000000,3430.64000000,3409.87000000,3421.27000000,3614.08864560,12362336.58995754,21125
1789365600000,3421.27000000,3428.51000000,3412.38000000,3419.62000000,1444.76550940,4941341.31467536,7286
1789367400000,3419.62000000,3424.36000000,3412.69000000,3417.43000000,2507.37354970,8570605.30971801,1944
1789369200000,3417.43000000,3427.69000000,3409.49000000,3419.74000000,3246.18096820,11098595.97655937,4186
1789371000000,3419.74000000,3432.05000000,3416.10000000,3428.41000000,2795.01130648,9574369.42754519,7670
1789372800000,3428.41000000,3440.62000000,3418.86000000,3431.07000000,3575.75418627,12265493.29908123,1297
1789374600000,3431.07000000,3442.24000000,3404.58000000,3415.75000000,3523.41779148,12053115.97710280,753
1789376400000,3415.75000000,3426.65000000,3409.62000000,3420.51000000,4779.83938739,16341925.71869620,20734
1789378200000,3420.51000000,3431.22000000,3408.91000000,3419.62000000,4792.17784896,16388845.30731240,1677
1789380000000,3419.62000000,3422.02000000,3417.54000000,3417.96000000,4185.32787850,14310345.85590109,1989
1789381800000,3417.96000000,3421.57000000,3417.70000000,3420.66000000,3394.60382305,11609453.86661561,2060
1789383600000,3420.66000000,3432.66000000,3415.14000000,3427.14000000,2809.31100686,9621836.28887833,10394
1789385400000,3427.14000000,3427.52000000,3398.99000000,3399.25000000,2588.34003216,8822575.88399395,3474
1789387200000,3399.25000000,3402.82000000,3384.10000000,3387.67000000,3396.60016609,11519669.17307386,728
1789389000000,3387.67000000,3396.76000000,3382.73000000,3391.82000000,4470.30283006,15156277.99660980,1266
1789390800000,3391.82000000,3396.90000000,3381.32000000,3386.40000000,3557.47851125,12053480.92077250,2545
1789392600000,3386.40000000,3406.21000000,3383.41000000,3403.21000000,4291.44595414,14580660.96452127,13622
1789394400000,3403.21000000,3404.14000000,3401.87000000,3403.67000000,3727.48082915,12685464.95840037,2822
1789396200000,3403.67000000,3427.64000000,3393.55000000,3417.52000000,3695.08114968,12610954.36427097,674
1789398000000,3417.52000000,3423.94000000,3409.26000000,3415.68000000,2048.81939243,6999366.35433901,5270
1789399800000,3415.68000000,3421.12000000,3404.87000000,3410.31000000,4164.82837000,14210806.84762070,784
1789401600000,3410.31000000,3417.92000000,3394.49000000,3402.10000000,7233.04676563,24627353.22802402,3436
1789403400000,3402.10000000,3414.15000000,3394.09000000,3406.14000000,4653.67847884,15844805.25326694,8483
1789405200000,3406.14000000,3408.87000000,3397.81000000,3400.54000000,9270.34219835,31541454.71251165,2276
1789407000000,3400.54000000,3405.95000000,3395.71000000,3401.13000000,3320.75982930,11293678.06278665,3714
1789408800000,3401.13000000,3403.46000000,3397.31000000,3399.63000000,4725.65968462,16067862.34818838,14734
1789410600000,3399.63000000,3409.81000000,3393.24000000,3403.42000000,2828.96425719,9624576.91408260,2317
1789412400000,3403.42000000,3407.39000000,3401.29000000,3405.26000000,3667.44699424,12486359.90445082,4584
1789414200000,3405.26000000,3420.40000000,3403.58000000,3418.73000000,6147.42690901,20988786.31710227,28892
1789416000000,3418.73000000,3424.14000000,3403.22000000,3408.63000000,3338.30430771,11390275.76344585,665
1789417800000,3408.63000000,3414.84000000,3400.05000000,3406.27000000,4863.87460248,16571478.19855126,865
1789419600000,3406.27000000,3406.43000000,3392.37000000,3392.54000000,5418.73618800,18408043.50058445,4981
1789421400000,3392.54000000,3397.83000000,3392.51000000,3397.82000000,5519.94516644,18746023.70656959,6276
1789423200000,3397.82000000,3405.83000000,3377.92000000,3385.94000000,4755.06523630,16119188.07101060,3675
1789425000000,3385.94000000,3390.91000000,3382.26000000,3387.24000000,3694.89820917,12513894.58049682,5102
1789426800000,3387.24000000,3392.33000000,3380.44000000,3385.53000000,2030.43295342,6875249.74235366,1132
1789428600000,3385.53000000,3400.53000000,3380.46000000,3395.46000000,2739.14981051,9291606.11652184,3520
1789430400000,3395.46000000,3395.92000000,3394.85000000,3395.78000000,3226.12676881,10954364.93174960,3839
1789432200000,3395.78000000,3397.13000000,3382.95000000,3383.54000000,5177.63964165,17541198.62478721,1625
1789434000000,3383.54000000,3385.19000000,3375.93000000,3377.57000000,2878.17620380,9726980.02386850,4206
1789435800000,3377.57000000,3388.41000000,3373.62000000,3384.45000000,3824.32259487,12934473.34516557,6240
1789437600000,3384.45000000,3389.33000000,3381.80000000,3386.67000000,1909.79104413,6466427.36853269,11391
1789439400000,3386.67000000,3396.04000000,3381.42000000,3390.79000000,2250.15014143,7626692.57629330,1354
1789441200000,3390.79000000,3399.05000000,3381.19000000,3389.45000000,2630.50180283,8917130.47351237,12393
1789443000000,3389.45000000,3391.17000000,3383.82000000,3385.53000000,14074.48961939,47668036.92434566,11397
1789444800000,3385.53000000,3392.15000000,3377.52000000,3384.14000000,2831.87528340,9584773.90607092,715
1789446600000,3384.14000000,3392.85000000,3378.79000000,3387.50000000,3983.86505803,13490874.36222142,4610
1789448400000,3387.50000000,3394.48000000,3381.79000000,3388.78000000,3290.13980739,11148145.07435133,6978
1789450200000,3388.78000000,3395.57000000,3385.92000000,3392.72000000,2905.77029593,9854642.60457514,1915
1789452000000,3392.72000000,3401.58000000,3389.65000000,3398.52000000,6252.94575548,21238653.67807120,4051
1789453800000,3398.52000000,3401.93000000,3390.10000000,3393.51000000,3196.70877307,10853405.57790875,894
1789455600000,3393.51000000,3402.79000000,3384.53000000,3393.81000000,2162.22062968,7337951.23136016,10212
1789457400000,3393.81000000,3405.65000000,3391.63000000,3403.47000000,9566.42837406,32528219.66216692,4771
1789459200000,3403.47000000,3409.12000000,3387.05000000,3392.70000000,1788.17905033,6073171.60641989,1121
1789461000000,3392.70000000,3399.60000000,3392.47000000,3399.09000000,2202.42453377,7481749.75217836,1620
1789462800000,3399.09000000,3399.47000000,3397.79000000,3398.66000000,3693.04111246,12551322.47887029,2073
1789464600000,3398.66000000,3401.23000000,3386.72000000,3389.28000000,4806.73411336,16306399.15746429,3984
1789466400000,3389.28000000,3389.67000000,3389.20000000,3389.35000000,3921.50237530,13291566.04242183,20675
1789468200000,3389.35000000,3392.27000000,3380.99000000,3383.91000000,4226.82722460,14310874.89139713,4824
1789470000000,3383.91000000,3397.34000000,3379.21000000,3392.64000000,5687.83892766,19280227.81219368,9025
1789471800000,3392.64000000,3401.42000000,3387.43000000,3396.21000000,2863.57494234,9721887.59111033,3099
1789473600000,3396.21000000,3401.95000000,3394.85000000,3400.59000000,4692.37272553,15949970.69439308,29121
1789475400000,3400.59000000,3402.09000000,3395.98000000,3396.71000000,2671.66117034,9078996.24341956,652
1789477200000,3396.71000000,3399.13000000,3388.32000000,3390.73000000,7631.42048322,25891314.18751800,5962
1789479000000,3390.73000000,3395.09000000,3376.03000000,3380.39000000,2667.99298099,9028050.75227044,1083
1789480800000,3380.39000000,3385.62000000,3368.32000000,3373.55000000,2622.40414574,8852786.18054727,3762
1789482600000,3373.55000000,3378.66000000,3369.59000000,3374.70000000,2271.57991443,7665028.85886848,7642
1789484400000,3374.70000000,3381.03000000,3370.52000000,3376.84000000,5035.68635424,17001122.50851244,2950
1789486200000,3376.84000000,3381.38000000,3365.58000000,3370.12000000,4583.02777017,15455613.03306314,4508
1789488000000,3370.12000000,3373.41000000,3369.27000000,3373.26000000,2543.91137241,8578015.79865390,2478
1789489800000,3373.26000000,3380.10000000,3370.29000000,3377.13000000,4676.46158202,15786977.41698605,1442
1789491600000,3377.13000000,3383.67000000,3372.75000000,3379.29000000,3430.47452897,11590092.11706330,4763
1789493400000,3379.29000000,3386.43000000,3375.62000000,3382.76000000,1738.74249086,5879735.33161971,2129
1789495200000,3382.76000000,3386.38000000,3381.09000000,3384.71000000,3029.22701888,10251081.37293261,1663
1789497000000,3384.71000000,3393.92000000,3378.63000000,3387.84000000,2690.89406412,9113506.26645529,16886
1789498800000,3387.84000000,3396.97000000,3383.20000000,3392.33000000,1914.02526635,6490139.90357059,541
1789500600000,3392.33000000,3396.29000000,3383.36000000,3387.32000000,4815.39947403,16319345.67601682,1048
1789502400000,3387.32000000,3389.28000000,3382.72000000,3384.68000000,5909.40318277,20006658.03786966,1422
1789504200000,3384.68000000,3389.91000000,3374.01000000,3379.23000000,4215.18552370,14251752.58468496,5250
1789506000000,3379.23000000,3385.98000000,3378.76000000,3385.23000000,5494.32342027,18589074.21434667,4465
1789507800000,3385.23000000,3389.49000000,3380.21000000,3384.47000000,2566.03088553,8685297.74459523,2348
1789509600000,3384.47000000,3387.83000000,3381.59000000,3384.96000000,2278.02786171,7710654.14065862,8849
1789511400000,3384.96000000,3388.40000000,3383.88000000,3387.32000000,2516.96328489,8523774.72634654,13255
1789513200000,3387.32000000,3399.21000000,3382.54000000,3394.43000000,2716.46368225,9214402.28682971,8012
1789515000000,3394.43000000,3402.46000000,3391.93000000,3399.96000000,3898.91939885,13248977.51854216,23667
1789516800000,3399.96000000,3400.88000000,3392.87000000,3392.91000000,3321.64455810,11278818.50673490,2066
1789518600000,3392.91000000,3399.90000000,3391.22000000,3398.22000000,2938.82403825,9981562.39078223,16132
1789520400000,3398.22000000,3405.93000000,3381.03000000,3388.74000000,1790.45223362,6073037.46892493,7497
1789522200000,3388.74000000,3395.26000000,3373.86000000,3380.37000000,3942.92335027,13339554.62238210,26583
1789524000000,3380.37000000,3390.71000000,3368.41000000,3378.75000000,1891.84116075,6393087.76265716,824
1789525800000,3378.75000000,3386.34000000,3369.40000000,3376.98000000,2480.43047514,8377826.08864911,3076
1789527600000,3376.98000000,3384.01000000,3364.05000000,3371.09000000,5494.77919347,18534164.96314715,5160
1789529400000,3371.09000000,3386.98000000,3363.40000000,3379.29000000,2176.97062456,7350660.85660212,1135
1789531200000,3379.29000000,3386.21000000,3370.68000000,3377.60000000,4619.95465408,15606952.82966255,4800
1789533000000,3377.60000000,3389.79000000,3368.08000000,3380.27000000,2731.07775108,9229344.83410940,13934
1789534800000,3380.27000000,3388.87000000,3369.46000000,3378.06000000,3097.47634613,10465743.13784581,1158
1789536600000,3378.06000000,3382.31000000,3375.95000000,3380.20000000,6083.97647145,20560730.29055223,2104
1789538400000,3380.20000000,3387.83000000,3366.76000000,3374.38000000,1621.44023071,5474504.27082410,4513
1789540200000,3374.38000000,3382.97000000,3370.63000000,3379.22000000,1762.24619900,5952173.32654460,405
1789542000000,3379.22000000,3393.96000000,3369.15000000,3383.90000000,2497.93368445,8448854.74600847,1249
1789543800000,3383.90000000,3395.97000000,3378.25000000,3390.33000000,1136.77202684,3851596.47182828,550
1789545600000,3390.33000000,3399.02000000,3372.93000000,3381.61000000,2212.86729736,7489489.06337364,852
1789547400000,3381.61000000,3385.86000000,3373.24000000,3377.50000000,3518.09053308,11887162.64551376,7313
1789549200000,3377.50000000,3381.82000000,3367.70000000,3372.02000000,4331.62578525,14614249.29438851,2293
1789551000000,3372.02000000,3372.16000000,3369.52000000,3370.16000000,2120.14106446,7146168.34793132,2720
1789552800000,3370.16000000,3380.45000000,3363.90000000,3374.19000000,4632.05428470,15623200.20140271,23647
1789554600000,3374.19000000,3399.38000000,3367.46000000,3392.65000000,3026.11099943,10247917.46545741,5876
1789556400000,3392.65000000,3407.89000000,3389.56000000,3404.80000000,2352.28298874,7999522.41235626,13179
1789558200000,3404.80000000,3409.94000000,3392.97000000,3398.11000000,3185.21348499,10830811.61861051,8575
1789560000000,3398.11000000,3398.74000000,3391.74000000,3394.06000000,6138.11219650,20837937.39080589,34183
1789561800000,3394.06000000,3402.25000000,3390.24000000,3398.44000000,2742.51628135,9316265.62924648,1140
1789563600000,3398.44000000,3413.99000000,3392.43000000,3407.98000000,3759.78430677,12801319.57625950,2830
1789565400000,3407.98000000,3410.18000000,3406.02000000,3408.22000000,2570.02356988,8758996.23682399,6085
1789567200000,3408.22000000,3417.04000000,3402.42000000,3411.24000000,2496.40065116,8513311.22035599,1302
1789569000000,3411.24000000,3417.34000000,3404.11000000,3410.21000000,2997.54433826,10223282.88618198,1547
1789570800000,3410.21000000,3417.86000000,3407.03000000,3414.68000000,2490.03495156,8498966.69620486,2702
1789572600000,3414.68000000,3423.43000000,3409.73000000,3418.47000000,3624.31771589,12385048.41248832,1812
1789574400000,3418.47000000,3423.92000000,3410.93000000,3416.38000000,4189.40125259,14315499.11682950,3912
1789576200000,3416.38000000,3420.51000000,3408.59000000,3412.71000000,2359.05383948,8053656.02396751,763
1789578000000,3412.71000000,3420.96000000,3397.17000000,3405.42000000,1513.88469465,5159097.89888231,9362
1789579800000,3405.42000000,3407.48000000,3398.40000000,3400.46000000,4253.93204439,14472355.73043777,1450
1789581600000,3400.46000000,3403.36000000,3398.40000000,3401.31000000,4173.44243887,14193977.77499910,1426
1789583400000,3401.31000000,3405.63000000,3393.39000000,3397.71000000,6125.57073824,20820273.45342524,8742
1789585200000,3397.71000000,3400.69000000,3389.39000000,3392.37000000,2109.50197297,7159972.15979192,796
1789587000000,3392.37000000,3402.29000000,3386.91000000,3396.83000000,2086.01797327,7082744.92701141,1349
1789588800000,3396.83000000,3398.93000000,3388.42000000,3390.52000000,4488.64326718,15228285.58000823,2207
1789590600000,3390.52000000,3393.30000000,3386.15000000,3388.93000000,2953.29676253,10010085.06013258,14061
1789592400000,3388.93000000,3393.20000000,3387.20000000,3391.48000000,3925.51408729,13309955.32306705,1389
1789594200000,3391.48000000,3391.90000000,3391.38000000,3391.88000000,3257.05465704,11047023.06905379,20864
1789596000000,3391.88000000,3394.25000000,3388.99000000,3391.37000000,987.13689607,3347912.00662631,185
1789597800000,3391.37000000,3393.65000000,3388.51000000,3390.80000000,3860.99148411,13092569.25048212,12406
1789599600000,3390.80000000,3395.27000000,3389.92000000,3394.40000000,2308.88159527,7834489.97870995,1532
1789601400000,3394.40000000,3400.59000000,3387.55000000,3393.75000000,2265.07209421,7687577.47511036,3610
1789603200000,3393.75000000,3406.45000000,3390.54000000,3403.23000000,4822.65728286,16397379.89260995,3843
1789605000000,3403.23000000,3403.97000000,3397.85000000,3398.98000000,3103.33679581,10552175.48532390,1824
1789606800000,3398.98000000,3399.28000000,3397.55000000,3398.09000000,2132.92408035,7248332.84206175,3341
1789608600000,3398.09000000,3403.08000000,3391.81000000,3396.80000000,2707.58070804,9198273.84856242,821
1789610400000,3396.80000000,3402.80000000,3388.23000000,3394.23000000,1491.09937705,5062412.46045923,437
1789612200000,3394.23000000,3405.06000000,3387.35000000,3398.18000000,4446.80513409,15105196.37844495,2364
1789614000000,3398.18000000,3414.52000000,3394.54000000,3410.87000000,3740.14106408,12741327.54224442,15905
1789615800000,3410.87000000,3415.91000000,3402.26000000,3407.30000000,2143.71283774,7306822.34975114,1182
1789617600000,3407.30000000,3410.13000000,3398.77000000,3401.61000000,3622.26917408,12328411.16795889,3385
1789619400000,3401.61000000,3404.11000000,3395.52000000,3398.02000000,3752.86858567,12756807.35337364,11859
1789621200000,3398.02000000,3399.99000000,3390.10000000,3392.07000000,3316.75796958,11257254.79844459,1557
1789623000000,3392.07000000,3397.51000000,3388.38000000,3393.81000000,5909.98041083,20053933.87127620,4026
1789624800000,3393.81000000,3395.21000000,3391.58000000,3392.98000000,2673.13083669,9070615.50542534,1693
1789626600000,3392.98000000,3395.25000000,3386.70000000,3388.97000000,1666.88383125,5651244.83402432,1692
1789628400000,3388.97000000,3394.23000000,3387.64000000,3392.90000000,3634.47875159,12326665.41643891,2603
1789630200000,3392.90000000,3396.77000000,3387.95000000,3391.82000000,4814.37846413,16331235.94803396,5254
1789632000000,3391.82000000,3394.10000000,3386.49000000,3388.76000000,2092.35749121,7092635.84995051,9253
1789633800000,3388.76000000,3395.55000000,3386.48000000,3393.27000000,2059.99628608,6987027.38258253,1064
1789635600000,3393.27000000,3398.31000000,3392.85000000,3397.55000000,2060.46176921,6997820.75143279,1958
1789637400000,3397.55000000,3399.20000000,3390.23000000,3391.88000000,4770.37136154,16189552.28541218,2211
1789639200000,3391.88000000,3395.87000000,3386.01000000,3390.00000000,2781.24462908,9430166.71342948,10263
1789641000000,3390.00000000,3397.29000000,3387.47000000,3394.75000000,5008.62851884,16995120.44821619,2324
1789642800000,3394.75000000,3397.41000000,3383.14000000,3385.80000000,595.97839089,2019641.30107135,3198
1789644600000,3385.80000000,3398.95000000,3380.10000000,3393.26000000,3223.89960413,10931511.29295358,9264
1789646400000,3393.26000000,3399.94000000,3384.27000000,3390.95000000,3814.48227246,12937647.27933189,6201
1789648200000,3390.95000000,3395.05000000,3386.13000000,3390.24000000,1860.73706763,6308781.38114235,2289
1789650000000,3390.24000000,3392.88000000,3375.50000000,3378.14000000,2524.73262939,8539081.50827099,532
1789651800000,3378.14000000,3382.49000000,3370.07000000,3374.43000000,3738.96906348,12621505.89154126,18792
1789653600000,3374.43000000,3377.47000000,3367.50000000,3370.55000000,2405.38899508,8110586.95234231,2120
1789655400000,3370.55000000,3375.54000000,3364.61000000,3369.61000000,4456.41840502,15017774.84906331,2555
1789657200000,3369.61000000,3384.98000000,3361.10000000,3376.47000000,4451.34147158,15019642.87383083,3477
1789659000000,3376.47000000,3399.73000000,3366.19000000,3389.45000000,2959.29665540,10017591.18187912,886
1789660800000,3389.45000000,3394.33000000,3382.18000000,3387.05000000,4197.16465582,14219371.98544899,7683
1789662600000,3387.05000000,3389.28000000,3380.00000000,3382.22000000,2342.86864116,7927877.34697736,4427
1789664400000,3382.22000000,3386.74000000,3376.47000000,3380.98000000,5745.15876355,19426657.47399397,1411
1789666200000,3380.98000000,3388.61000000,3374.62000000,3382.25000000,3607.00571040,12198268.90683694,1259
1789668000000,3382.25000000,3397.13000000,3375.67000000,3390.55000000,3013.55038530,10209246.00471948,9690
1789669800000,3390.55000000,3400.38000000,3382.87000000,3392.71000000,2446.54794688,8298661.38874718,1149
1789671600000,3392.71000000,3405.27000000,3386.01000000,3398.58000000,3954.35337660,13431439.39471350,976
1789673400000,3398.58000000,3404.15000000,3389.15000000,3394.72000000,5783.81153769,19641857.84558582,2323
1789675200000,3394.72000000,3404.31000000,3391.33000000,3400.93000000,2836.60526448,9641218.28202530,561
1789677000000,3400.93000000,3402.89000000,3399.76000000,3402.72000000,4680.08636090,15920681.79869426,13366
1789678800000,3402.72000000,3413.79000000,3396.72000000,3407.78000000,4402.82645403,14996453.87997589,5567
1789680600000,3407.78000000,3424.15000000,3401.88000000,3418.25000000,5506.55415493,18803577.64894940,995
1789682400000,3418.25000000,3421.44000000,3417.27000000,3420.46000000,4407.43103491,15072191.26258000,1153
1789684200000,3420.46000000,3420.48000000,3410.78000000,3411.01000000,1812.47918018,6187965.45406482,3722
1789686000000,3411.01000000,3415.07000000,3399.48000000,3403.54000000,2918.10359269,9939146.73187245,1062
1789687800000,3403.54000000,3405.73000000,3387.97000000,3390.16000000,1771.32495050,6012976.39608535,7919
1789689600000,3390.16000000,3392.52000000,3388.46000000,3390.82000000,3063.06035918,10385615.05488768,14842
1789691400000,3390.82000000,3394.19000000,3386.89000000,3390.27000000,5336.72826873,18093917.58592650,8775
1789693200000,3390.27000000,3391.95000000,3387.17000000,3388.86000000,5292.06858279,17936553.53488150,4617
1789695000000,3388.86000000,3389.88000000,3386.41000000,3387.43000000,1711.88341146,5799702.98803233,565
1789696800000,3387.43000000,3392.89000000,3372.96000000,3378.42000000,3136.81453501,10606907.23255949,759
1789698600000,3378.42000000,3391.80000000,3373.51000000,3386.89000000,4529.38093948,15327733.91121792,2254
1789700400000,3386.89000000,3390.00000000,3378.10000000,3381.21000000,3456.88890481,11695002.17407310,21778
1789702200000,3381.21000000,3389.75000000,3380.76000000,3389.02000000,2187.38461356,7407603.91239579,567
1789704000000,3389.02000000,3394.40000000,3380.59000000,3385.96000000,2502.39197818,8475559.77566092,5010
1789705800000,3385.96000000,3392.08000000,3375.59000000,3381.71000000,2180.20779436,7375920.37350415,938
1789707600000,3381.71000000,3388.73000000,3379.63000000,3386.64000000,5186.47608770,17556213.99530184,2023
1789709400000,3386.64000000,3390.02000000,3383.80000000,3387.18000000,1680.61692471,5692250.77369959,3959
1789711200000,3387.18000000,3390.23000000,3376.22000000,3379.28000000,4262.42392073,14415135.39571137,5676
1789713000000,3379.28000000,3381.79000000,3372.93000000,3375.44000000,3439.40572054,11613897.70019807,871
1789714800000,3375.44000000,3385.07000000,3373.98000000,3383.61000000,4511.11027871,15251559.34102341,5178
1789716600000,3383.61000000,3390.00000000,3372.94000000,3379.33000000,3080.54140647,10414562.10824920,1600
1789718400000,3379.33000000,3384.33000000,3329.14000000,3334.14000000,4541.44014329,15210208.72029303,2505
1789720200000,3334.14000000,3348.67000000,3330.48000000,3345.01000000,4314.11074760,14415108.12680662,936
1789722000000,3345.01000000,3350.59000000,3329.58000000,3335.16000000,3704.21773121,12366312.10518607,3619
1789723800000,3335.16000000,3337.34000000,3325.38000000,3327.56000000,1110.04568435,3696555.08013567,4584
1789725600000,3327.56000000,3332.19000000,3315.74000000,3320.38000000,3843.31559632,12770462.10891231,14686
1789727400000,3320.38000000,3322.92000000,3309.56000000,3312.10000000,9495.19686979,31475251.04264356,3555
1789729200000,3312.10000000,3326.43000000,3302.82000000,3317.15000000,3138.84910186,10406753.94935961,7642
1789731000000,3317.15000000,3328.95000000,3316.79000000,3328.43000000,3985.18767277,13249653.52640606,7418
1789732800000,3328.43000000,3348.32000000,3324.58000000,3344.47000000,2912.10129271,9723869.13677427,1419
1789734600000,3344.47000000,3352.35000000,3341.57000000,3349.45000000,2345.74333089,7853056.82546132,609
1789736400000,3349.45000000,3365.16000000,3343.82000000,3359.53000000,2458.02899195,8249570.63753330,4946
1789738200000,3359.53000000,3362.73000000,3356.84000000,3360.03000000,2714.41023436,9120060.39094638,1466
1789740000000,3360.03000000,3366.42000000,3350.47000000,3356.86000000,1507.86430726,5063282.10429860,560
1789741800000,3356.86000000,3369.47000000,3356.27000000,3369.30000000,1671.06115612,5623144.84126093,8946
1789743600000,3369.30000000,3371.09000000,3359.95000000,3361.74000000,3090.90603541,10398610.62616730,18001
1789745400000,3361.74000000,3371.26000000,3356.63000000,3366.15000000,2241.34101514,7541395.37085786,1079
1789747200000,3366.15000000,3373.67000000,3361.12000000,3368.63000000,9176.46608836,30904556.72563872,18853
1789749000000,3368.63000000,3372.34000000,3363.51000000,3367.21000000,1809.09696940,6092472.51217891,3369
1789750800000,3367.21000000,3370.63000000,3359.34000000,3362.76000000,3504.98043830,11791609.96128944,5266
1789752600000,3362.76000000,3372.99000000,3361.86000000,3372.09000000,2007.21262310,6762253.91555362,12166
1789754400000,3372.09000000,3372.11000000,3369.30000000,3369.59000000,2995.70856776,10096532.28073431,1061
1789756200000,3369.59000000,3374.96000000,3363.50000000,3368.87000000,6631.66070097,22342788.43556957,28322
1789758000000,3368.87000000,3374.23000000,3368.10000000,3373.97000000,5514.11155875,18594132.23463758,1608
1789759800000,3373.97000000,3382.55000000,3341.76000000,3350.34000000,3752.39869112,12601362.93135903,8196
1789761600000,3350.34000000,3369.39000000,3347.15000000,3366.20000000,8068.64510392,27117993.38323050,21626
1789763400000,3366.20000000,3384.20000000,3357.44000000,3375.44000000,2329.12746852,7854658.20208842,4966
1789765200000,3375.44000000,3380.19000000,3368.36000000,3373.11000000,3956.79771051,13349795.20352425,10357
1789767000000,3373.11000000,3374.09000000,3366.88000000,3367.20000000,3340.87497155,11256711.12773945,18923
1789768800000,3367.20000000,3373.24000000,3362.43000000,3368.46000000,5422.77876474,18264151.09376678,2082
1789770600000,3368.46000000,3371.00000000,3357.30000000,3359.83000000,6419.29408129,21586231.81425531,1428
1789772400000,3359.83000000,3368.48000000,3353.89000000,3362.53000000,3159.13800740,10619859.35434903,1294
1789774200000,3362.53000000,3367.57000000,3359.70000000,3364.74000000,2761.55999126,9289890.29954219,7365
1789776000000,3364.74000000,3370.90000000,3359.70000000,3365.86000000,4236.43604158,14257666.20017593,9944
1789777800000,3365.86000000,3375.40000000,3358.84000000,3368.37000000,4973.25822510,16747629.55708106,25098
1789779600000,3368.37000000,3372.07000000,3366.00000000,3369.70000000,2833.93285771,9548249.68657192,2011
1789781400000,3369.70000000,3371.67000000,3369.50000000,3371.59000000,2358.62546349,7950736.14419921,5691
1789783200000,3371.59000000,3384.00000000,3371.38000000,3383.41000000,4786.87281348,16177700.21434152,4673
1789785000000,3383.41000000,3400.26000000,3383.03000000,3399.71000000,2386.46518074,8100462.37051724,1520
1789786800000,3399.71000000,3406.49000000,3381.15000000,3387.93000000,2821.73038945,9570900.60395629,3758
1789788600000,3387.93000000,3389.83000000,3387.36000000,3388.83000000,3445.05520904,11674159.90740165,889
1789790400000,3388.83000000,3390.57000000,3380.87000000,3382.61000000,1536.83123373,5201687.71432291,3916
1789792200000,3382.61000000,3391.71000000,3374.28000000,3383.38000000,2345.60724595,7935475.76993377,1614
1789794000000,3383.38000000,3387.97000000,3371.91000000,3376.50000000,3229.36705409,10911370.48874621,8010
1789795800000,3376.50000000,3384.35000000,3369.82000000,3377.67000000,4345.35880635,14675509.30994825,19930
1789797600000,3377.67000000,3381.09000000,3375.35000000,3378.77000000,2271.55391917,7674223.99774210,12344
1789799400000,3378.77000000,3378.79000000,3374.49000000,3375.76000000,3788.28844302,12790561.22038708,5105
1789801200000,3375.76000000,3380.77000000,3370.91000000,3375.93000000,4110.60514475,13876872.91398094,15480
1789803000000,3375.93000000,3378.04000000,3368.16000000,3370.28000000,2593.26403062,8744907.02166881,1820
1789804800000,3370.28000000,3380.97000000,3364.18000000,3374.87000000,5945.17413527,20055090.45492304,6251
1789806600000,3374.87000000,3377.80000000,3367.80000000,3370.73000000,1977.46674692,6668230.23327125,11176
1789808400000,3370.73000000,3372.49000000,3367.90000000,3369.66000000,3702.76752104,12478387.63635000,1659
1789810200000,3369.66000000,3370.25000000,3365.58000000,3366.17000000,3847.59556899,12956143.26592012,3716
1789812000000,3366.17000000,3369.51000000,3364.81000000,3368.16000000,5185.62104897,17462550.33764530,1816
1789813800000,3368.16000000,3369.90000000,3365.03000000,3366.77000000,3279.37945736,11042423.35040839,21659
1789815600000,3366.77000000,3368.29000000,3365.41000000,3366.93000000,5233.73495603,17621343.55691359,14252
1789817400000,3366.93000000,3375.49000000,3364.87000000,3373.42000000,3898.72858347,13143622.94793901,15466
1789819200000,3373.42000000,3382.63000000,3366.09000000,3375.30000000,3855.74431651,13011868.17791346,1076
1789821000000,3375.30000000,3384.05000000,3362.89000000,3371.64000000,3618.99355252,12206356.85465543,823
1789822800000,3371.64000000,3374.51000000,3353.18000000,3356.05000000,3943.98371533,13256694.40746367,19730
1789824600000,3356.05000000,3359.25000000,3349.73000000,3352.93000000,5321.13176908,17846924.88037861,2074
1789826400000,3352.93000000,3367.06000000,3346.36000000,3360.48000000,1018.75201649,3420935.84220059,379
1789828200000,3360.48000000,3365.28000000,3357.59000000,3362.39000000,8505.57208257,28593625.55090805,37302
1789830000000,3362.39000000,3376.04000000,3356.91000000,3370.56000000,2818.75658368,9493116.14060547,7787
1789831800000,3370.56000000,3379.29000000,3370.49000000,3378.98000000,2656.23140739,8968115.24637267,11636
1789833600000,3378.98000000,3394.63000000,3373.14000000,3388.80000000,3333.53393890,11285755.19537720,1428
1789835400000,3388.80000000,3396.56000000,3373.47000000,3381.24000000,3760.11477571,12723320.34925387,2852
1789837200000,3381.24000000,3396.23000000,3378.83000000,3393.82000000,6495.32047006,22016726.73551100,3041
1789839000000,3393.82000000,3401.37000000,3393.60000000,3401.16000000,2944.05193037,10005977.89407801,3815
1789840800000,3401.16000000,3402.97000000,3395.72000000,3397.52000000,4056.52382968,13787054.01920006,8234
1789842600000,3397.52000000,3400.38000000,3396.40000000,3399.77000000,5750.56387341,19545315.43110707,19603
1789844400000,3399.77000000,3402.36000000,3395.46000000,3398.05000000,2435.46671644,8277227.62409120,1429
1789846200000,3398.05000000,3402.09000000,3389.31000000,3393.35000000,2511.50623849,8526352.84886666,3387
1789848000000,3393.35000000,3399.71000000,3384.21000000,3390.57000000,1545.93323518,5243029.85012719,1359
1789849800000,3390.57000000,3393.00000000,3389.15000000,3391.59000000,3887.24103329,13182596.89177907,4208
1789851600000,3391.59000000,3397.91000000,3383.86000000,3390.19000000,4508.00423193,15285073.95030670,14405
1789853400000,3390.19000000,3398.27000000,3382.16000000,3390.24000000,8544.35000272,28967247.50912127,5007
1789855200000,3390.24000000,3393.30000000,3372.02000000,3375.08000000,3842.13867613,12986942.71025735,4169
1789857000000,3375.08000000,3389.78000000,3368.83000000,3383.53000000,2334.11690717,7890980.98297653,3625
1789858800000,3383.53000000,3385.03000000,3382.29000000,3384.81000000,1335.21029186,4518406.69585868,2606
1789860600000,3384.81000000,3388.49000000,3378.43000000,3382.11000000,4614.77241810,15611821.82251491,27326
1789862400000,3382.11000000,3386.99000000,3373.22000000,3378.09000000,2159.68346994,7298504.26345926,390
1789864200000,3378.09000000,3381.55000000,3376.39000000,3379.84000000,3436.39163954,11612451.30284098,1784
1789866000000,3379.84000000,3384.22000000,3364.40000000,3368.78000000,2081.80652092,7020816.81434508,2675
1789867800000,3368.78000000,3374.41000000,3362.66000000,3368.30000000,2619.35855164,8823195.71870718,16713
1789869600000,3368.30000000,3370.46000000,3368.12000000,3369.39000000,4601.02191716,15502322.11950489,1942
1789871400000,3369.39000000,3372.99000000,3358.72000000,3362.33000000,4783.95051989,16096463.82124866,26238
1789873200000,3362.33000000,3372.83000000,3357.45000000,3367.96000000,3775.52160454,12708708.71539634,1033
1789875000000,3367.96000000,3370.80000000,3366.05000000,3368.89000000,3907.03151183,13161149.64939526,1288
1789876800000,3368.89000000,3379.67000000,3363.32000000,3374.10000000,1785.59858424,6021690.67717314,2559
1789878600000,3374.10000000,3381.86000000,3367.63000000,3375.39000000,5908.49626384,19940926.21706795,4240
1789880400000,3375.39000000,3381.48000000,3372.46000000,3378.56000000,4595.19998121,15520293.40757277,3049
1789882200000,3378.56000000,3383.17000000,3366.08000000,3370.69000000,2669.42484839,9004809.06598887,1166
1789884000000,3370.69000000,3373.21000000,3326.00000000,3328.52000000,2560.86076593,8559869.00373037,2422
1789885800000,3328.52000000,3336.62000000,3320.55000000,3328.65000000,3698.39283783,12310499.27568330,9618
1789887600000,3328.65000000,3329.49000000,3319.80000000,3320.10000000,2617.41179225,8698000.61408463,1237
1789889400000,3320.10000000,3329.63000000,3317.64000000,3327.17000000,3778.80290832,12563820.22763852,4197
1789891200000,3327.17000000,3329.25000000,3320.82000000,3322.90000000,1926.54433629,6404454.95138686,9073
1789893000000,3322.90000000,3324.64000000,3319.80000000,3321.55000000,2823.92545935,9381072.43080802,3031
1789894800000,3321.55000000,3325.61000000,3318.30000000,3322.36000000,2323.66406333,7719422.28408895,1867
1789896600000,3322.36000000,3326.49000000,3320.85000000,3324.98000000,2843.55672427,9452290.99248803,8593
1789898400000,3324.98000000,3326.84000000,3321.09000000,3322.95000000,2704.51166935,8988783.33938718,1476
1789900200000,3322.95000000,3322.96000000,3319.24000000,3319.84000000,2416.84481389,8025569.64026318,491
1789902000000,3319.84000000,3328.64000000,3314.64000000,3323.44000000,4119.55563845,13686157.51357092,7676
1789903800000,3323.44000000,3330.21000000,3320.19000000,3326.96000000,5530.79605733,18394258.44504534,7546
1789905600000,3326.96000000,3329.16000000,3321.96000000,3324.16000000,4649.63174644,15460474.34320457,881
1789907400000,3324.16000000,3326.94000000,3316.31000000,3319.09000000,3226.07843221,10713091.96762671,3008
1789909200000,3319.09000000,3319.81000000,3314.90000000,3314.99000000,2296.04870729,7615002.81458091,7210
1789911000000,3314.99000000,3321.73000000,3313.77000000,3320.50000000,4186.13510185,13892386.69505193,4607
1789912800000,3320.50000000,3324.69000000,3314.69000000,3318.88000000,5016.38743829,16651491.86972457,3881
1789914600000,3318.88000000,3326.21000000,3291.46000000,3298.79000000,3953.22091585,13067314.08850229,9744
1789916400000,3298.79000000,3305.40000000,3290.03000000,3296.63000000,2894.86744253,9545396.36559209,845
1789918200000,3296.63000000,3302.10000000,3290.11000000,3295.58000000,2319.42682095,7644667.96330711,6263
1789920000000,3295.58000000,3299.56000000,3293.02000000,3297.00000000,6649.30422465,21919611.00551198,40387
1789921800000,3297.00000000,3308.93000000,3289.77000000,3301.69000000,2163.87265304,7141061.54857683,524
1789923600000,3301.69000000,3306.91000000,3299.67000000,3304.88000000,4397.53897632,14528668.09523876,1646
1789925400000,3304.88000000,3323.43000000,3304.64000000,3322.18000000,4939.99050475,16384706.82821215,2417
1789927200000,3322.18000000,3326.36000000,3320.52000000,3324.71000000,4343.79583345,14438186.20534786,8516
1789929000000,3324.71000000,3331.26000000,3315.01000000,3321.56000000,5043.27552566,16756839.80387056,4240
1789930800000,3321.56000000,3329.88000000,3321.15000000,3329.01000000,4223.25550462,14049406.21882478,2356
1789932600000,3329.01000000,3340.85000000,3326.25000000,3338.10000000,5716.76172296,19065775.38541581,8896
1789934400000,3338.10000000,3343.88000000,3332.35000000,3338.13000000,5557.46576179,18551497.29824037,1087
1789936200000,3338.13000000,3345.28000000,3322.46000000,3329.61000000,6629.99837846,22094131.08726426,24801
1789938000000,3329.61000000,3334.00000000,3326.19000000,3330.58000000,3798.08338201,12648599.76545034,1040
1789939800000,3330.58000000,3337.32000000,3320.18000000,3326.91000000,7486.66708701,24916631.47130734,1752
1789941600000,3326.91000000,3331.92000000,3310.92000000,3315.94000000,3504.54298854,11633660.25475999,2202
1789943400000,3315.94000000,3328.12000000,3308.17000000,3320.35000000,6599.02171461,21901351.23908900,17833
1789945200000,3320.35000000,3332.37000000,3313.17000000,3325.19000000,3143.58437299,10447950.01292799,2725
1789947000000,3325.19000000,3332.04000000,3320.32000000,3327.17000000,5665.29525805,18845662.95101253,3213
1789948800000,3327.17000000,3327.49000000,3318.37000000,3318.95000000,7581.08730410,25181352.26421177,3437
1789950600000,3318.95000000,3325.40000000,3318.61000000,3324.78000000,3948.84511053,13121729.82174412,1816
1789952400000,3324.78000000,3330.02000000,3317.54000000,3322.78000000,3038.61914425,10098681.09917917,1091
1789954200000,3322.78000000,3326.40000000,3318.16000000,3321.79000000,6866.12969717,22810090.10369585,1477
1789956000000,3321.79000000,3327.06000000,3318.48000000,3323.75000000,1827.13153343,6071731.97884836,3959
1789957800000,3323.75000000,3327.35000000,3319.97000000,3323.57000000,6049.54779311,20106442.19340851,3283
1789959600000,3323.57000000,3326.50000000,3323.42000000,3326.48000000,2268.80231289,7544816.86347412,4239
1789961400000,3326.48000000,3330.56000000,3322.48000000,3326.56000000,2453.53354773,8161755.20944884,2074
1789963200000,3326.56000000,3334.86000000,3324.55000000,3332.85000000,3091.12204329,10295767.62491411,862
1789965000000,3332.85000000,3337.35000000,3328.25000000,3332.75000000,2374.61602564,7914088.54756826,567
1789966800000,3332.75000000,3349.48000000,3328.38000000,3345.11000000,2801.21072898,9358822.81532539,4070
1789968600000,3345.11000000,3351.47000000,3343.60000000,3349.95000000,3609.49311846,12085803.19590387,9783
1789970400000,3349.95000000,3350.18000000,3347.78000000,3348.81000000,2947.78207516,9871891.60525737,9270
1789972200000,3348.81000000,3371.64000000,3340.63000000,3363.46000000,3882.87097359,13040926.22675728,20261
1789974000000,3363.46000000,3378.53000000,3355.99000000,3371.06000000,2494.94984631,8404312.36465312,536
1789975800000,3371.06000000,3385.32000000,3367.96000000,3382.22000000,5052.56263680,17070086.46822035,11284
1789977600000,3382.22000000,3384.45000000,3357.16000000,3359.14000000,2685.91020073,9043228.18549307,6537
1789979400000,3359.14000000,3371.04000000,3350.75000000,3362.65000000,3531.35283109,11870576.16899692,1909
1789981200000,3362.65000000,3370.61000000,3340.08000000,3348.04000000,3397.89428485,11392828.20936538,13841
1789983000000,3348.04000000,3353.58000000,3331.82000000,3337.37000000,3607.13875392,12051171.24151512,1107
1789984800000,3337.37000000,3350.52000000,3330.09000000,3343.24000000,2100.28923379,7017656.55867079,6306
1789986600000,3343.24000000,3354.18000000,3339.59000000,3350.53000000,4314.95821742,14446912.09329194,723
1789988400000,3350.53000000,3361.76000000,3343.21000000,3354.44000000,2048.59117658,6869211.53920183,1315
1789990200000,3354.44000000,3364.47000000,3348.30000000,3358.33000000,2810.12885362,9433695.24542822,1908
1789992000000,3358.33000000,3359.87000000,3336.87000000,3338.41000000,3661.68713714,12248529.71204849,1694
1789993800000,3338.41000000,3365.00000000,3334.45000000,3361.04000000,5471.05747616,18347182.99825372,6596
1789995600000,3361.04000000,3365.97000000,3345.66000000,3350.59000000,4130.57442416,13854242.14647335,2960
1789997400000,3350.59000000,3363.67000000,3343.98000000,3357.06000000,2652.01523788,8897259.19794542,7286
1789999200000,3357.06000000,3358.52000000,3354.97000000,3355.03000000,4851.16943072,16281365.64826469,20848
1790001000000,3355.03000000,3362.73000000,3341.28000000,3348.98000000,3400.88048477,11396334.74537732,852
1790002800000,3348.98000000,3354.96000000,3340.68000000,3346.67000000,2437.18296285,8158324.35999725,820
1790004600000,3346.67000000,3347.20000000,3345.50000000,3346.48000000,1828.57965309,6119145.77012772,368
1790006400000,3346.48000000,3353.76000000,3343.91000000,3351.19000000,3860.03314447,12929647.50590685,813
1790008200000,3351.19000000,3353.46000000,3350.92000000,3353.18000000,7934.96899532,26602164.23901442,4752
1790010000000,3353.18000000,3371.74000000,3346.73000000,3365.29000000,3480.80164197,11699858.51798552,757
1790011800000,3365.29000000,3373.07000000,3339.90000000,3347.68000000,2013.16744839,6751261.20861186,1234
1790013600000,3347.68000000,3355.82000000,3339.45000000,3347.59000000,3242.70844205,10855351.55962169,9707
1790015400000,3347.59000000,3349.47000000,3341.96000000,3342.66000000,1967.19047397,6579661.83937937,5471
1790017200000,3342.66000000,3344.76000000,3342.28000000,3344.69000000,4699.16519279,15713582.07614120,7093
1790019000000,3344.69000000,3350.23000000,3337.68000000,3343.23000000,4295.98825096,14364555.52708413,3782
1790020800000,3343.23000000,3344.83000000,3340.63000000,3342.23000000,5052.85309146,16889481.86977062,7814
1790022600000,3342.23000000,3348.57000000,3338.53000000,3344.87000000,4267.79454708,14271465.38599272,10805
1790024400000,3344.87000000,3349.07000000,3341.41000000,3345.62000000,3709.82782258,12410740.00454848,2150
1790026200000,3345.62000000,3347.86000000,3342.55000000,3344.80000000,3751.20539738,12548042.95963897,22964
1790028000000,3344.80000000,3346.39000000,3342.43000000,3344.03000000,6564.57890532,21953812.40427636,11372
1790029800000,3344.03000000,3347.24000000,3342.15000000,3345.36000000,3324.77420325,11121094.52796390,1808
1790031600000,3345.36000000,3346.99000000,3343.63000000,3345.26000000,3571.96594344,11949265.05083334,2767
1790033400000,3345.26000000,3349.72000000,3342.74000000,3347.21000000,2171.95026989,7268555.84898568,9033
1790035200000,3347.21000000,3349.41000000,3345.74000000,3347.94000000,2597.77403415,8696555.66322078,6484
1790037000000,3347.94000000,3350.33000000,3346.46000000,3348.86000000,4946.39245599,16563249.24272014,11187
1790038800000,3348.86000000,3351.16000000,3338.84000000,3341.14000000,3077.85368207,10291457.64652800,1193
1790040600000,3341.14000000,3343.98000000,3333.75000000,3336.59000000,4070.05116885,13586259.45165673,3779
1790042400000,3336.59000000,3339.22000000,3335.95000000,3339.01000000,4660.75380317,15557860.60858975,2467
1790044200000,3339.01000000,3344.33000000,3331.50000000,3336.82000000,4275.43227485,14269463.09225319,3350
1790046000000,3336.82000000,3338.93000000,3332.19000000,3334.31000000,4384.10278924,14621615.43582373,3574
1790047800000,3334.31000000,3341.77000000,3331.57000000,3339.04000000,3160.72817737,10548805.65033075,787
1790049600000,3339.04000000,3343.80000000,3337.19000000,3341.95000000,3136.35270722,10478487.00371508,1792
1790051400000,3341.95000000,3348.24000000,3337.54000000,3343.83000000,2419.24807544,8088044.11648776,4007
1790053200000,3343.83000000,3348.13000000,3342.18000000,3347.19000000,5785.24560609,19356460.08968064,9057
1790055000000,3347.19000000,3356.49000000,3345.04000000,3354.34000000,4191.77484668,14050651.08573698,11804
1790056800000,3354.34000000,3359.51000000,3337.45000000,3342.63000000,3848.90582756,12880482.63025234,22521
1790058600000,3342.63000000,3348.38000000,3337.03000000,3342.79000000,2877.40274023,9618391.87116933,604
1790060400000,3342.79000000,3373.75000000,3334.52000000,3365.49000000,3159.28304540,10608626.23803635,15801
1790062200000,3365.49000000,3383.36000000,3355.36000000,3373.23000000,1974.21348807,6654375.74856123,341
1790064000000,3373.23000000,3387.99000000,3372.50000000,3387.24000000,5157.28789926,17444923.48411106,1866
1790065800000,3387.24000000,3390.49000000,3379.76000000,3383.01000000,3719.19936263,12587340.69721420,744
1790067600000,3383.01000000,3388.64000000,3380.80000000,3386.43000000,3697.02743206,12515507.52809116,880
1790069400000,3386.43000000,3389.05000000,3380.22000000,3382.83000000,3664.76330608,12401676.03347595,9700
1790071200000,3382.83000000,3386.99000000,3379.81000000,3383.96000000,1558.96931795,5274904.76601957,1426
1790073000000,3383.96000000,3388.16000000,3378.79000000,3382.99000000,4580.06422011,15495792.10433656,7689
1790074800000,3382.99000000,3389.77000000,3378.46000000,3385.23000000,2179.08312998,7375074.73715632,6808
1790076600000,3385.23000000,3389.25000000,3384.05000000,3388.07000000,2473.54476930,8378198.66978743,15235
1790078400000,3388.07000000,3394.83000000,3379.19000000,3385.96000000,7617.45123744,25797719.34492889,2272
1790080200000,3385.96000000,3389.06000000,3382.31000000,3385.41000000,6062.21719087,20524195.91657140,13345
1790082000000,3385.41000000,3398.97000000,3380.39000000,3393.95000000,3929.84425711,13326517.77715630,843
1790083800000,3393.95000000,3401.21000000,3386.99000000,3394.24000000,2127.90293764,7222410.04221020,2053
1790085600000,3394.24000000,3401.31000000,3379.38000000,3386.45000000,8235.18152675,27909433.61905554,1698
1790087400000,3386.45000000,3391.95000000,3381.43000000,3386.92000000,6415.08034069,21726384.30549180,12523
1790089200000,3386.92000000,3395.58000000,3371.62000000,3380.28000000,2514.05151178,8503771.66511385,670
1790091000000,3380.28000000,3389.90000000,3370.36000000,3379.97000000,2410.44719561,8147497.16965023,4374
1790092800000,3379.97000000,3382.16000000,3374.07000000,3376.25000000,5663.81088451,19129473.20744722,3087
1790094600000,3376.25000000,3384.44000000,3367.64000000,3375.83000000,5903.06522626,19928586.08402893,1064
1790096400000,3375.83000000,3381.34000000,3366.08000000,3371.59000000,3769.62588291,12714966.69794692,2146
1790098200000,3371.59000000,3377.99000000,3364.83000000,3371.22000000,7428.50846823,25044077.07672510,7950
1790100000000,3371.22000000,3379.57000000,3358.92000000,3367.26000000,2205.49032723,7429380.00871812,1165
1790101800000,3367.26000000,3369.49000000,3358.75000000,3360.97000000,4855.27473737,16328633.33874012,9052
1790103600000,3360.97000000,3370.04000000,3354.73000000,3363.79000000,1246.71545716,4192518.55015255,2053
1790105400000,3363.79000000,3381.12000000,3356.29000000,3373.62000000,5788.48841153,19509183.31715158,38075
1790107200000,3373.62000000,3382.59000000,3369.57000000,3378.54000000,5138.77849145,17353124.84336443,33616
1790109000000,3378.54000000,3384.48000000,3371.31000000,3377.25000000,3634.15968049,12275026.15890321,5271
1790110800000,3377.25000000,3377.72000000,3374.21000000,3375.12000000,1930.78876753,6517734.27991830,512
1790112600000,3375.12000000,3388.04000000,3371.16000000,3384.09000000,2853.13798547,9646732.45513153,3467
1790114400000,3384.09000000,3387.39000000,3372.90000000,3376.20000000,4183.98444743,14136970.39786143,27296
1790116200000,3376.20000000,3382.37000000,3368.69000000,3374.86000000,1770.90890043,5977366.40953235,383
1790118000000,3374.86000000,3382.02000000,3372.59000000,3379.75000000,3523.94161886,11904296.20916946,3557
1790119800000,3379.75000000,3388.25000000,3375.26000000,3383.76000000,2580.99257359,8730014.39211609,1127
1790121600000,3383.76000000,3387.55000000,3370.33000000,3374.12000000,1616.48083934,5459394.42102577,444
1790123400000,3374.12000000,3375.59000000,3368.94000000,3370.41000000,2863.27155834,9653943.95700705,2185
1790125200000,3370.41000000,3373.01000000,3365.49000000,3368.10000000,2153.09197857,7253483.18628932,3914
1790127000000,3368.10000000,3375.69000000,3366.69000000,3374.28000000,6138.27628671,20699599.11791808,3166
1790128800000,3374.28000000,3379.42000000,3368.49000000,3373.63000000,2548.73919869,8599051.39264331,13141
1790130600000,3373.63000000,3373.69000000,3359.97000000,3362.89000000,1634.85613072,5502133.72910447,361
1790132400000,3362.89000000,3372.87000000,3352.05000000,3362.03000000,3394.50292724,11413392.05136536,1952
1790134200000,3362.03000000,3368.73000000,3359.93000000,3366.62000000,1460.65078194,4915224.70486375,547
1790136000000,3366.62000000,3369.27000000,3366.50000000,3367.74000000,4186.98179236,14101071.29619014,1249
1790137800000,3367.74000000,3369.25000000,3358.40000000,3359.91000000,4446.50524266,14951458.11567660,3037
1790139600000,3359.91000000,3370.08000000,3351.53000000,3361.71000000,1631.44643780,5483467.89157944,2654
1790141400000,3361.71000000,3366.33000000,3356.11000000,3360.73000000,4689.34416027,15761150.09974841,1544
1790143200000,3360.73000000,3364.24000000,3353.17000000,3356.68000000,1597.93181990,5365903.87505185,1903
1790145000000,3356.68000000,3362.18000000,3355.64000000,3361.52000000,3340.03153446,11221771.52831019,2200
1790146800000,3361.52000000,3374.68000000,3359.51000000,3373.16000000,1385.56932753,4668139.29086992,1546
1790148600000,3373.16000000,3376.71000000,3365.60000000,3369.15000000,5550.13400690,18706652.23972801,3174
1790150400000,3369.15000000,3374.08000000,3368.79000000,3373.39000000,4227.53918160,14255619.81578345,6650
1790152200000,3373.39000000,3373.64000000,3369.17000000,3369.77000000,4413.54428341,14877442.83580182,5310
1790154000000,3369.77000000,3376.62000000,3365.81000000,3372.66000000,5258.27500182,17729321.00140893,12948
1790155800000,3372.66000000,3374.55000000,3372.65000000,3374.43000000,4949.81842463,16700085.86013344,7787
1790157600000,3374.43000000,3377.86000000,3369.95000000,3373.37000000,1545.39681119,5213742.04859272,384
1790159400000,3373.37000000,3375.88000000,3365.91000000,3368.42000000,3206.86503830,10807364.26660632,6566
1790161200000,3368.42000000,3373.49000000,3360.73000000,3365.80000000,4972.16142724,16739647.69875426,6629
1790163000000,3365.80000000,3369.21000000,3359.56000000,3362.97000000,3382.72494702,11379194.60632504,21507
1790164800000,3362.97000000,3368.93000000,3362.86000000,3368.39000000,5691.84843934,19162906.74256061,6177
1790166600000,3368.39000000,3370.18000000,3354.80000000,3356.59000000,2793.14555984,9386430.36334832,3629
1790168400000,3356.59000000,3360.99000000,3350.60000000,3355.00000000,3214.97636669,10787945.24654429,15074
1790170200000,3355.00000000,3360.73000000,3354.02000000,3359.75000000,4843.91675891,16266665.77441563,847
1790172000000,3359.75000000,3362.46000000,3354.92000000,3357.63000000,5710.90245309,19179140.09231452,17608
1790173800000,3357.63000000,3358.14000000,3356.75000000,3357.10000000,2452.16245292,8232725.87337096,7624
1790175600000,3357.10000000,3367.97000000,3350.76000000,3361.63000000,4149.73439004,13943608.95667412,6277
1790177400000,3361.63000000,3369.92000000,3359.59000000,3367.87000000,2416.59111641,8133746.02863198,15925
1790179200000,3367.87000000,3371.35000000,3357.19000000,3360.66000000,6029.49202344,20277574.36060690,1085
1790181000000,3360.66000000,3366.91000000,3349.64000000,3355.89000000,2961.02644880,9941583.09820830,550
1790182800000,3355.89000000,3360.99000000,3339.43000000,3344.53000000,4995.78458059,16727461.91259360,7168
1790184600000,3344.53000000,3346.40000000,3342.37000000,3344.23000000,3640.13644698,12173825.74804737,3045
1790186400000,3344.23000000,3348.53000000,3341.58000000,3345.87000000,2992.98044139,10012497.12485936,17467
1790188200000,3345.87000000,3351.46000000,3334.31000000,3339.90000000,3945.86389017,13186638.53772170,5564
1790190000000,3339.90000000,3339.92000000,3332.46000000,3333.60000000,6018.79061212,20074645.35752450,1742
1790191800000,3333.60000000,3336.56000000,3324.75000000,3327.71000000,5377.44155978,17905120.82557712,2252
1790193600000,3327.71000000,3330.88000000,3326.43000000,3329.60000000,3861.00700598,12853184.56306346,985
1790195400000,3329.60000000,3338.38000000,3323.63000000,3332.40000000,2225.11109695,7412891.40556388,1003
1790197200000,3332.40000000,3333.14000000,3327.08000000,3327.43000000,3252.32030223,10827689.14557998,2140
1790199000000,3327.43000000,3339.68000000,3321.81000000,3334.05000000,2789.78135277,9295118.46444118,9179
1790200800000,3334.05000000,3339.13000000,3323.51000000,3328.58000000,3756.53837255,12510792.73042870,11038
1790202600000,3328.58000000,3346.08000000,3322.16000000,3339.66000000,3830.93662331,12779871.01701045,1190
1790204400000,3339.66000000,3348.70000000,3336.43000000,3345.47000000,2596.99684310,8683137.68718414,14405
1790206200000,3345.47000000,3350.85000000,3338.95000000,3344.33000000,2460.61142298,8230023.60096580,10497
1790208000000,3344.33000000,3349.96000000,3337.85000000,3343.48000000,7574.20523800,25326344.79092195,3830
1790209800000,3343.48000000,3349.27000000,3342.14000000,3347.93000000,2048.51317251,6855242.77276679,5618
1790211600000,3347.93000000,3356.22000000,3344.64000000,3352.92000000,5515.08806437,18482487.97502662,2332
1790213400000,3352.92000000,3353.86000000,3350.01000000,3350.95000000,2592.99749830,8690709.15135949,5045
1790215200000,3350.95000000,3357.93000000,3346.99000000,3353.97000000,4583.69651271,15368971.53738738,27099
1790217000000,3353.97000000,3362.67000000,3348.90000000,3357.60000000,3975.85724926,13344518.29982616,724
1790218800000,3357.60000000,3359.90000000,3354.41000000,3356.72000000,3945.57539842,13245345.53445776,876
1790220600000,3356.72000000,3361.78000000,3353.60000000,3358.66000000,1679.57777191,5640041.25459686,1821
1790222400000,3358.66000000,3360.11000000,3356.56000000,3358.01000000,4445.95867128,14930519.19968017,11902
1790224200000,3358.01000000,3361.95000000,3356.93000000,3360.88000000,1518.82181890,5103123.99370890,3785
1790226000000,3360.88000000,3363.36000000,3360.48000000,3363.08000000,3154.24897229,10605550.33052216,5189
1790227800000,3363.08000000,3364.29000000,3361.89000000,3363.10000000,2248.32672741,7561329.73011893,1570
1790229600000,3363.10000000,3370.03000000,3360.33000000,3367.27000000,2675.79383100,9006396.27411699,7437
1790231400000,3367.27000000,3371.06000000,3361.03000000,3364.82000000,1829.69197123,6158078.94842916,1889
1790233200000,3364.82000000,3370.33000000,3362.16000000,3367.67000000,4229.28647753,14238817.35822609,1184
1790235000000,3367.67000000,3368.58000000,3361.91000000,3362.83000000,1513.58128785,5092352.93831085,3223
1790236800000,3362.83000000,3364.86000000,3360.91000000,3362.95000000,6378.85533356,21451486.98398197,40878
1790238600000,3362.95000000,3363.58000000,3361.83000000,3362.46000000,4649.05046551,15633007.03342937,850
1790240400000,3362.46000000,3365.72000000,3361.36000000,3364.61000000,4798.80126915,16142661.59370371,2648
1790242200000,3364.61000000,3369.16000000,3362.14000000,3366.69000000,2212.98671312,7448904.45902910,557
1790244000000,3366.69000000,3369.55000000,3366.06000000,3369.37000000,2886.38490182,9722283.33225942,2751
1790245800000,3369.37000000,3373.25000000,3366.51000000,3370.40000000,5111.14920415,17224837.70411105,6532
1790247600000,3370.40000000,3370.76000000,3370.35000000,3370.63000000,2910.34491729,9809550.73438603,10483
1790249400000,3370.63000000,3374.61000000,3367.97000000,3371.94000000,1479.39577918,4987792.88284344,1980
1790251200000,3371.94000000,3375.31000000,3370.85000000,3374.22000000,6352.34539742,21429403.49022797,1082
1790253000000,3374.22000000,3379.24000000,3365.55000000,3370.57000000,3138.88795797,10583664.08527137,878
1790254800000,3370.57000000,3374.52000000,3366.66000000,3370.62000000,5434.12204583,18316263.12953783,1197
1790256600000,3370.62000000,3372.82000000,3365.07000000,3367.27000000,4423.85492004,14901261.41418796,1855
1790258400000,3367.27000000,3368.63000000,3366.80000000,3368.16000000,3137.07298440,10565243.88928818,4242
1790260200000,3368.16000000,3369.23000000,3360.99000000,3362.06000000,4380.49227203,14736383.83649168,1731
1790262000000,3362.06000000,3366.84000000,3356.20000000,3360.98000000,2448.19554146,8229222.09007048,1870
1790263800000,3360.98000000,3370.10000000,3356.92000000,3366.03000000,3474.97272168,11691028.19033121,5919
1790265600000,3366.03000000,3367.93000000,3364.12000000,3366.01000000,5201.71265863,17509058.16801406,5705
1790267400000,3366.01000000,3369.48000000,3362.63000000,3366.10000000,2129.32941209,7167469.83850634,1108
1790269200000,3366.10000000,3380.68000000,3361.47000000,3376.05000000,11453.48987990,38629590.65676299,42988
1790271000000,3376.05000000,3379.91000000,3366.34000000,3370.19000000,1664.35953430,5612462.90632009,4494
1790272800000,3370.19000000,3379.18000000,3368.58000000,3377.56000000,3368.43327850,11368814.92329754,852
1790274600000,3377.56000000,3382.38000000,3371.91000000,3376.72000000,1754.68890060,5925584.31388267,789
1790276400000,3376.72000000,3378.26000000,3375.36000000,3376.91000000,3338.04243831,11272045.66365759,6765
1790278200000,3376.91000000,3382.92000000,3365.63000000,3371.65000000,4841.85467973,16333514.39840303,3218
1790280000000,3371.65000000,3372.49000000,3365.28000000,3366.12000000,4087.14610609,13765347.82615694,24256
1790281800000,3366.12000000,3370.10000000,3362.07000000,3366.06000000,3860.17920788,12993661.13875093,1818
1790283600000,3366.06000000,3367.10000000,3364.97000000,3366.02000000,4574.68536412,15398529.84381163,1081
1790285400000,3366.02000000,3367.39000000,3365.37000000,3366.75000000,5407.60883999,18204743.05800474,28958
1790287200000,3366.75000000,3370.72000000,3363.75000000,3367.72000000,2524.55419437,8501169.66758301,451
1790289000000,3367.72000000,3372.65000000,3365.56000000,3370.49000000,2492.39997113,8398312.85333890,9919
1790290800000,3370.49000000,3371.76000000,3366.84000000,3368.10000000,1831.79637566,6171137.75215830,511
1790292600000,3368.10000000,3371.17000000,3359.69000000,3362.75000000,3555.49765545,11962594.63834223,702
1790294400000,3362.75000000,3371.06000000,3358.37000000,3366.68000000,4470.14433285,15043697.00493366,1185
1790296200000,3366.68000000,3368.20000000,3363.90000000,3365.42000000,3366.81151017,11332147.74464208,798
1790298000000,3365.42000000,3372.93000000,3361.11000000,3368.62000000,2055.77452425,6922928.70212083,2680
1790299800000,3368.62000000,3373.17000000,3367.48000000,3372.02000000,4282.02581066,14434232.56730116,1481
1790301600000,3372.02000000,3375.05000000,3371.03000000,3374.06000000,2980.52442708,10054444.23901058,2061
1790303400000,3374.06000000,3376.03000000,3367.38000000,3369.35000000,4204.03514538,14171469.89658268,3393
1790305200000,3369.35000000,3370.77000000,3365.79000000,3367.21000000,3918.95028413,13198724.39439905,2330
1790307000000,3367.21000000,3379.06000000,3364.42000000,3376.27000000,2844.54682376,9595372.55705983,6715
1790308800000,3376.27000000,3382.47000000,3374.66000000,3380.85000000,873.22793028,2950922.46196757,435
1790310600000,3380.85000000,3385.04000000,3374.93000000,3379.12000000,2441.35228014,8251033.38848791,592
1790312400000,3379.12000000,3388.34000000,3376.25000000,3385.48000000,4276.41189392,14468629.26368233,15149
1790314200000,3385.48000000,3385.98000000,3381.41000000,3381.91000000,2552.47383212,8635276.73530319,5630
1790316000000,3381.91000000,3381.97000000,3381.70000000,3381.90000000,2875.44711869,9724340.04007807,3341
1790317800000,3381.90000000,3383.67000000,3379.41000000,3381.18000000,3537.44074173,11961572.70321937,963
1790319600000,3381.18000000,3381.82000000,3374.54000000,3375.18000000,8262.88927601,27905269.20307299,35331
1790321400000,3375.18000000,3382.47000000,3372.22000000,3379.52000000,3631.62736412,12267898.32365648,3755
1790323200000,3379.52000000,3379.83000000,3379.50000000,3379.67000000,2904.67395479,9816830.29929084,2585
1790325000000,3379.67000000,3382.53000000,3379.04000000,3381.91000000,4200.40760903,14202257.74523159,15865
1790326800000,3381.91000000,3384.78000000,3379.50000000,3382.37000000,3392.21264050,11473199.89161108,1752
1790328600000,3382.37000000,3386.46000000,3378.59000000,3382.69000000,3172.24818584,10730387.15522943,562
1790330400000,3382.69000000,3387.50000000,3376.65000000,3381.46000000,5074.08116611,17159891.09329253,7857
1790332200000,3381.46000000,3382.27000000,3370.36000000,3371.34000000,4378.00569291,14774259.60070497,18840
1790334000000,3371.34000000,3374.71000000,3365.43000000,3368.80000000,1605.86392647,5411194.74112550,849
1790335800000,3368.80000000,3374.19000000,3365.69000000,3371.07000000,8532.60799985,28757582.37107770,22995
1790337600000,3371.07000000,3371.14000000,3369.69000000,3369.89000000,2941.35510291,9913069.66478953,5002
1790339400000,3369.89000000,3371.73000000,3367.52000000,3369.36000000,4831.04493464,16278394.34414713,4249
1790341200000,3369.36000000,3370.03000000,3367.84000000,3368.51000000,3359.28162296,11316733.99547536,4709
1790343000000,3368.51000000,3368.90000000,3366.20000000,3366.43000000,3381.13503435,11384866.01305180,3585
1790344800000,3366.43000000,3373.54000000,3364.94000000,3372.06000000,2147.38512650,7237075.00969072,771
1790346600000,3372.06000000,3372.08000000,3371.28000000,3371.32000000,8289.37014882,27948116.34102147,8353
1790348400000,3371.32000000,3374.18000000,3367.32000000,3370.19000000,3855.81116429,12996267.90346399,5175
1790350200000,3370.19000000,3377.40000000,3366.97000000,3374.18000000,6213.08002097,20955797.95881145,2846
1790352000000,3374.18000000,3378.53000000,3369.39000000,3373.73000000,3002.33531578,10129523.46422320,7434
1790353800000,3373.73000000,3376.33000000,3369.73000000,3372.32000000,2148.07931832,7245023.11106822,13974
1790355600000,3372.32000000,3377.77000000,3369.55000000,3374.99000000,6625.94079688,22356606.97934103,13547
1790357400000,3374.99000000,3375.96000000,3374.83000000,3375.28000000,2837.15210551,9576397.72959866,14083
1790359200000,3375.28000000,3392.10000000,3370.20000000,3387.03000000,5674.60311329,19197814.77030122,9453
1790361000000,3387.03000000,3389.78000000,3385.42000000,3388.17000000,6874.90890564,23290760.64923010,2105
1790362800000,3388.17000000,3390.01000000,3387.63000000,3388.01000000,2691.79680430,9121292.86522329,4229
1790364600000,3388.01000000,3402.08000000,3384.85000000,3398.92000000,1506.91801612,5116409.72284057,612
1790366400000,3398.92000000,3403.15000000,3392.49000000,3396.72000000,2045.71734149,6950229.00083306,4214
1790368200000,3396.72000000,3400.96000000,3392.96000000,3397.20000000,2188.32893315,7433839.70087953,9994
1790370000000,3397.20000000,3401.25000000,3390.11000000,3394.16000000,2882.45759161,9786436.20128408,661
1790371800000,3394.16000000,3397.10000000,3389.79000000,3392.73000000,2900.07403756,9840547.84811117,16122
1790373600000,3392.73000000,3396.50000000,3391.07000000,3394.85000000,3798.35878298,12892164.20139940,665
1790375400000,3394.85000000,3404.66000000,3391.36000000,3401.17000000,3577.53437919,12160272.74494752,1571
1790377200000,3401.17000000,3402.23000000,3397.32000000,3398.38000000,1159.50813963,3941527.70812839,209
1790379000000,3398.38000000,3399.69000000,3396.23000000,3397.53000000,2039.95582651,6931393.60881345,13521
1790380800000,3397.53000000,3403.32000000,3395.88000000,3401.66000000,6512.03712592,22142764.46857532,3385
1790382600000,3401.66000000,3406.37000000,3399.86000000,3404.58000000,6826.63690283,23235172.94108215,2322
1790384400000,3404.58000000,3416.10000000,3399.57000000,3411.10000000,2265.87582575,7724198.64637669,1222
1790386200000,3411.10000000,3415.08000000,3406.34000000,3410.32000000,2759.77594851,9412437.18608459,12125
1790388000000,3410.32000000,3414.23000000,3404.76000000,3408.67000000,4601.15734202,15686354.88317662,1905
1790389800000,3408.67000000,3412.99000000,3406.47000000,3410.79000000,2315.98117732,7897684.94139090,738
1790391600000,3410.79000000,3420.65000000,3406.28000000,3416.13000000,3428.20747317,11705109.09040215,2607
1790393400000,3416.13000000,3423.38000000,3404.65000000,3411.90000000,3809.63881050,13003471.67244826,2801
1790395200000,3411.90000000,3423.22000000,3411.43000000,3422.31000000,5616.18160482,19201636.93467493,5309
1790397000000,3422.31000000,3422.75000000,3420.48000000,3420.57000000,4742.29194084,16224652.34878469,12978
1790398800000,3420.57000000,3421.41000000,3420.15000000,3420.32000000,3626.11133130,12403576.56904585,4922
1790400600000,3420.32000000,3428.52000000,3414.73000000,3422.93000000,8386.05098886,28697582.24632367,40731
1790402400000,3422.93000000,3424.68000000,3415.36000000,3417.11000000,8165.42199581,27918005.99977221,4326
1790404200000,3417.11000000,3429.93000000,3409.76000000,3422.57000000,3661.55687776,12525274.01065949,1719
1790406000000,3422.57000000,3425.67000000,3414.83000000,3417.93000000,6031.57973160,20624844.37551499,7505
1790407800000,3417.93000000,3421.58000000,3417.79000000,3421.49000000,2320.22626723,7935844.66973927,465
1790409600000,3421.49000000,3424.56000000,3410.37000000,3413.44000000,2823.25228969,9644574.87313823,17646
1790411400000,3413.44000000,3424.08000000,3409.52000000,3420.17000000,9779.79716422,33426585.04558572,1887
1790413200000,3420.17000000,3432.25000000,3415.87000000,3427.96000000,3714.58542416,12723794.57383971,11746
1790415000000,3427.96000000,3434.24000000,3413.17000000,3419.46000000,7004.24155485,23970550.39366836,6932
1790416800000,3419.46000000,3423.31000000,3411.63000000,3415.48000000,4111.34948591,14047682.12783476,2002
1790418600000,3415.48000000,3418.09000000,3412.90000000,3415.50000000,942.15820783,3217938.21481869,400
1790420400000,3415.50000000,3420.26000000,3413.35000000,3418.10000000,3946.98626967,13487784.35856646,14712
1790422200000,3418.10000000,3426.81000000,3415.50000000,3424.21000000,4825.31168555,16513062.52903961,6185
1790424000000,3424.21000000,3436.04000000,3421.40000000,3433.23000000,1251.21564334,4291950.27104924,1403
1790425800000,3433.23000000,3440.14000000,3432.02000000,3438.93000000,2988.81652881,10272652.32363653,9191
1790427600000,3438.93000000,3443.17000000,3434.43000000,3438.68000000,4281.77380925,14723999.04943983,4284
1790429400000,3438.68000000,3447.25000000,3433.90000000,3442.48000000,3149.00845149,10836400.51247194,2498
1790431200000,3442.48000000,3450.62000000,3439.55000000,3447.69000000,4731.31762311,16303906.17153757,4268
1790433000000,3447.69000000,3450.70000000,3445.10000000,3448.10000000,4019.26866787,13858305.14293990,13886
1790434800000,3448.10000000,3455.84000000,3444.43000000,3452.17000000,3134.62801608,10817025.82307805,1877
1790436600000,3452.17000000,3457.05000000,3450.93000000,3455.81000000,1462.75162711,5053218.20254904,2733
1790438400000,3455.81000000,3458.96000000,3454.28000000,3457.43000000,1730.77796049,5983111.08490888,6818
1790440200000,3457.43000000,3460.05000000,3453.65000000,3456.27000000,2415.54773418,8349718.10704480,1341
1790442000000,3456.27000000,3463.16000000,3453.10000000,3459.99000000,2600.28703910,8993744.32882104,7744
1790443800000,3459.99000000,3466.01000000,3457.04000000,3463.06000000,1139.86540152,3946257.20929443,906
1790445600000,3463.06000000,3472.48000000,3460.36000000,3469.78000000,3302.23259512,11450625.67016239,1790
1790447400000,3469.78000000,3477.07000000,3466.97000000,3474.26000000,4510.68389227,15664547.11157782,937
1790449200000,3474.26000000,3481.17000000,3473.82000000,3480.76000000,2550.09492345,8870713.71865157,9329
1790451000000,3480.76000000,3490.28000000,3474.73000000,3484.26000000,4579.92756389,15952306.64500517,1394
1790452800000,3484.26000000,3491.89000000,3477.22000000,3484.85000000,4888.65575966,17035284.49118074,22793
1790454600000,3484.85000000,3487.13000000,3476.18000000,3478.46000000,8617.65041867,29994500.12018191,2922
1790456400000,3478.46000000,3480.04000000,3474.43000000,3476.01000000,2417.03359898,8403606.53387094,3459
1790458200000,3476.01000000,3493.71000000,3469.37000000,3487.06000000,2623.05288446,9137083.50521685,656
1790460000000,3487.06000000,3487.24000000,3475.97000000,3476.38000000,3214.06938545,11184519.09811078,3586
1790461800000,3476.38000000,3480.94000000,3474.22000000,3478.78000000,1934.15953362,6726969.61283062,1474
1790463600000,3478.78000000,3488.85000000,3474.21000000,3484.27000000,3240.98202854,11286535.54025429,750
1790465400000,3484.27000000,3495.81000000,3482.87000000,3494.41000000,7391.07921851,25802504.53252044,18479
1790467200000,3494.41000000,3498.27000000,3483.45000000,3487.31000000,1659.03110981,5789481.78636794,10031
1790469000000,3487.31000000,3493.20000000,3477.53000000,3483.42000000,1795.68488908,6257452.15840389,386
1790470800000,3483.42000000,3489.43000000,3473.13000000,3479.14000000,4355.04616303,15158034.11520023,7527
1790472600000,3479.14000000,3479.30000000,3469.40000000,3470.52000000,4161.56152530,14453405.21180934,2071
1790474400000,3470.52000000,3480.40000000,3463.68000000,3473.56000000,2782.60341724,9662724.17139938,4512
1790476200000,3473.56000000,3489.41000000,3467.73000000,3483.58000000,2678.03161461,9320202.65914812,5279
1790478000000,3483.58000000,3496.68000000,3478.65000000,3491.74000000,2195.81503477,7661249.60386402,14430
1790479800000,3491.74000000,3501.98000000,3487.13000000,3497.37000000,4725.93348473,16519476.36698888,1176
1790481600000,3497.37000000,3501.60000000,3496.72000000,3499.40000000,2711.33807602,9487623.33556009,11871
1790483400000,3499.40000000,3517.13000000,3492.93000000,3510.66000000,3773.09995645,13231904.01547580,3481
1790485200000,3510.66000000,3516.45000000,3510.31000000,3516.19000000,1633.85830542,5741895.93285387,337
1790487000000,3516.19000000,3525.74000000,3499.92000000,3509.47000000,2200.04816575,7725933.26229659,10161
1790488800000,3509.47000000,3517.83000000,3508.80000000,3517.41000000,4805.06245388,16888252.03408376,8008
1790490600000,3517.41000000,3517.48000000,3501.79000000,3501.92000000,3486.13968377,12226118.89913286,11058
1790492400000,3501.92000000,3503.70000000,3501.37000000,3503.12000000,4552.92117452,15947643.90770449,5458
1790494200000,3503.12000000,3512.29000000,3492.73000000,3501.90000000,1910.00117048,6689413.01798702,5136
1790496000000,3501.90000000,3506.14000000,3494.34000000,3498.58000000,3400.32695929,11900074.42214906,816
1790497800000,3498.58000000,3510.51000000,3496.91000000,3508.84000000,3654.77983709,12811538.65356953,21486
1790499600000,3508.84000000,3511.60000000,3498.94000000,3501.70000000,2406.67538673,8433178.72850190,2550
1790501400000,3501.70000000,3511.91000000,3492.33000000,3502.54000000,2097.10128489,7344592.57835917,6685
1790503200000,3502.54000000,3512.57000000,3499.37000000,3509.40000000,5584.51389202,19585530.76648106,5208
1790505000000,3509.40000000,3518.58000000,3505.50000000,3514.68000000,3182.71002915,11180612.37084012,11790
1790506800000,3514.68000000,3521.56000000,3509.09000000,3515.96000000,3413.13538049,11999004.74903116,15716
1790508600000,3515.96000000,3524.66000000,3512.64000000,3521.34000000,5637.08822898,19839991.35329469,1513
1790510400000,3521.34000000,3531.61000000,3513.23000000,3523.51000000,5234.84438504,18441231.25296613,4767
1790512200000,3523.51000000,3527.58000000,3514.25000000,3518.32000000,1015.36859289,3574146.69368217,1728
1790514000000,3518.32000000,3529.85000000,3516.40000000,3527.93000000,2485.98640975,8762418.73080353,9975
1790515800000,3527.93000000,3527.94000000,3518.05000000,3519.03000000,2706.67966886,9532045.01789913,3959
1790517600000,3519.03000000,3522.02000000,3516.71000000,3519.70000000,2131.22853870,7500806.67293590,7885
1790519400000,3519.70000000,3530.02000000,3515.70000000,3526.02000000,3420.33212591,12052959.77156607,1633
1790521200000,3526.02000000,3526.28000000,3521.25000000,3521.33000000,5369.65372853,18917017.91123741,1330
1790523000000,3521.33000000,3523.24000000,3517.45000000,3519.36000000,2969.97762061,10454364.65064359,892
1790524800000,3519.36000000,3529.49000000,3513.68000000,3523.81000000,3687.43689124,12988346.75768258,6946
1790526600000,3523.81000000,3526.69000000,3515.93000000,3518.81000000,1905.66315382,6708844.35638443,636
1790528400000,3518.81000000,3520.30000000,3513.42000000,3514.91000000,4329.20656351,15222393.93615243,27979
1790530200000,3514.91000000,3517.55000000,3504.39000000,3507.03000000,2205.77320768,7741507.21006896,1998
1790532000000,3507.03000000,3510.03000000,3503.64000000,3506.63000000,7154.75093115,25090031.07037640,9878
1790533800000,3506.63000000,3511.62000000,3505.22000000,3510.21000000,4804.25263464,16858200.06416379,951
1790535600000,3510.21000000,3513.07000000,3508.58000000,3511.44000000,4801.45707087,16858060.03982472,13036
1790537400000,3511.44000000,3513.34000000,3507.52000000,3509.42000000,5055.54027846,17745420.15843567,12261
1790539200000,3509.42000000,3511.03000000,3505.65000000,3507.26000000,2499.39595953,8767827.77344255,9135
1790541000000,3507.26000000,3508.76000000,3504.08000000,3505.58000000,1849.76319411,6485526.65337684,4218
1790542800000,3505.58000000,3509.45000000,3501.85000000,3505.72000000,12686.87352147,44476022.20377417,21610
1790544600000,3505.72000000,3506.87000000,3504.53000000,3505.68000000,4060.49470362,14234837.20959067,953
1790546400000,3505.68000000,3508.06000000,3505.60000000,3507.95000000,2597.61691779,9110369.27846978,1637
1790548200000,3507.95000000,3509.00000000,3504.45000000,3505.49000000,3038.22589731,10652970.77418046,1211
1790550000000,3505.49000000,3510.15000000,3497.11000000,3501.77000000,6031.06879553,21126886.72516313,26729
1790551800000,3501.77000000,3511.92000000,3499.25000000,3509.40000000,3149.21599327,11043836.53323690,1763
1790553600000,3509.40000000,3515.06000000,3509.20000000,3514.18000000,6412.38060925,22525505.01398964,2680
1790555400000,3514.18000000,3515.17000000,3511.27000000,3512.26000000,2615.41918274,9187702.67402281,9495
1790557200000,3512.26000000,3515.34000000,3507.78000000,3510.85000000,6249.42419033,21943736.54761020,5144
1790559000000,3510.85000000,3517.09000000,3508.19000000,3514.42000000,3357.69736226,11796376.80445714,1083
1790560800000,3514.42000000,3516.96000000,3513.74000000,3516.27000000,5923.81417666,20826098.27961272,3105
1790562600000,3516.27000000,3516.93000000,3515.89000000,3516.93000000,3510.06314476,12343437.97641254,6072
1790564400000,3516.93000000,3522.08000000,3513.85000000,3519.00000000,1286.72853740,4527110.51324182,7544
1790566200000,3519.00000000,3520.60000000,3517.76000000,3519.36000000,5296.80641735,18640730.31631527,1806
1790568000000,3519.36000000,3521.03000000,3517.89000000,3519.56000000,3125.09051684,10998739.73503033,4707
1790569800000,3519.56000000,3522.59000000,3515.36000000,3518.39000000,4922.62551861,17321640.06049040,5767
1790571600000,3518.39000000,3525.22000000,3515.20000000,3522.03000000,8731.65652609,30742573.01433951,7734
1790573400000,3522.03000000,3522.87000000,3516.31000000,3517.15000000,1792.91656402,6308879.60967758,872
1790575200000,3517.15000000,3526.50000000,3513.13000000,3522.48000000,5219.75012754,18377190.09470666,11552
1790577000000,3522.48000000,3533.91000000,3517.75000000,3529.19000000,4617.92008012,16287180.32487140,3934
1790578800000,3529.19000000,3536.04000000,3524.84000000,3531.69000000,6412.21316791,22640607.04607660,25882
1790580600000,3531.69000000,3533.02000000,3525.99000000,3527.32000000,3410.99109169,12036628.76869629,6942
1790582400000,3527.32000000,3527.75000000,3521.35000000,3521.77000000,5647.69937539,19900362.55582572,4668
1790584200000,3521.77000000,3521.87000000,3521.31000000,3521.31000000,3123.30562819,10998718.01242924,2022
1790586000000,3521.31000000,3525.44000000,3519.70000000,3523.82000000,2021.07704942,7120227.38414113,3898
1790587800000,3523.82000000,3525.53000000,3523.19000000,3524.89000000,1486.45805355,5239075.53348672,285
1790589600000,3524.89000000,3526.31000000,3522.43000000,3523.85000000,2775.81984172,9782537.70065822,700
1790591400000,3523.85000000,3527.56000000,3522.79000000,3526.51000000,2484.53391758,8759525.31666656,477
1790593200000,3526.51000000,3530.35000000,3521.63000000,3525.47000000,3946.11761341,13913293.49912058,15543
1790595000000,3525.47000000,3527.33000000,3522.87000000,3524.73000000,2913.28376777,10269254.92759562,993
1790596800000,3524.73000000,3529.87000000,3519.53000000,3524.68000000,5093.19449749,17951965.52858608,2692
1790598600000,3524.68000000,3527.86000000,3521.17000000,3524.34000000,5701.81115988,20095788.50761675,12470
1790600400000,3524.34000000,3525.72000000,3516.52000000,3517.90000000,1440.39351043,5070253.14914743,3151
1790602200000,3517.90000000,3527.69000000,3516.98000000,3526.75000000,1718.87672489,6056985.43815304,1216
