ts_ms,open,high,low,close,volume,quote_volume,trades
1788444000000,68000.00000000,68116.69000000,67708.51000000,67825.20000000,143.11343248,9715035.85811292,1641
1788445800000,67825.20000000,67825.71000000,67686.65000000,67713.72000000,115.93001181,7853334.32519554,8290
1788447600000,67713.72000000,67885.69000000,67619.24000000,67791.20000000,316.79529025,21467752.63816616,36056
1788449400000,67791.20000000,67963.61000000,67493.14000000,67665.55000000,302.32326377,20469532.20445396,1637
1788451200000,67665.55000000,67844.09000000,67328.75000000,67507.29000000,285.12804985,19263262.90890491,1759
1788453000000,67507.29000000,68173.38000000,67323.26000000,67989.35000000,168.39955275,11422316.52731390,7002
1788454800000,67989.35000000,68041.63000000,67384.35000000,67436.63000000,216.43304604,14635390.73091085,811
1788456600000,67436.63000000,67587.03000000,67421.70000000,67581.51000000,195.46706043,13199906.41148553,2859
1788458400000,67581.51000000,67586.96000000,67573.44000000,67581.54000000,102.45743631,6924139.63613778,9626
1788460200000,67581.54000000,67741.81000000,67403.68000000,67563.95000000,214.00183204,14460064.24368149,11154
1788462000000,67563.95000000,67670.12000000,67109.39000000,67215.56000000,428.32944444,28840145.64905645,12004
1788463800000,67215.56000000,67339.69000000,67150.73000000,67274.86000000,250.19567920,16826933.42833820,14755
1788465600000,67274.86000000,67500.46000000,67170.21000000,67395.81000000,137.76980276,9279552.80269149,6039
1788467400000,67395.81000000,67594.00000000,67181.78000000,67379.97000000,298.36667924,20105512.30154069,4515
1788469200000,67379.97000000,67886.98000000,67285.75000000,67792.76000000,178.33416674,12065227.30935752,20109
1788471000000,67792.76000000,67884.20000000,67739.14000000,67830.59000000,162.82849988,11042699.64659962,6626
1788472800000,67830.59000000,68039.30000000,67680.12000000,67888.83000000,276.82623316,18788034.51756814,18040
1788474600000,67888.83000000,68043.99000000,67620.12000000,67775.29000000,312.22814724,21173169.07878160,4175
1788476400000,67775.29000000,68366.27000000,67510.73000000,68101.72000000,268.96642802,18287809.68791801,3779
1788478200000,68101.72000000,68132.72000000,68085.33000000,68109.51000000,476.04118011,32422778.18088770,16538
1788480000000,68109.51000000,68148.35000000,67568.98000000,67574.41000000,173.41037437,11750965.98287294,12814
1788481800000,67574.41000000,67875.54000000,67486.48000000,67787.61000000,107.44703223,7275941.48671978,1026
1788483600000,67787.61000000,68010.13000000,67538.55000000,67761.07000000,166.04729366,11253011.65302144,15815
1788485400000,67761.07000000,67805.43000000,67646.60000000,67690.96000000,204.98206744,13880223.68281252,16244
1788487200000,67690.96000000,67877.27000000,67460.34000000,67646.66000000,277.35934090,18766527.87726903,1112
1788489000000,67646.66000000,67803.17000000,67602.05000000,67758.56000000,343.95345019,23292960.47874475,2621
1788490800000,67758.56000000,67924.06000000,67548.07000000,67713.57000000,63.70229299,4314464.97447164,867
1788492600000,67713.57000000,67879.67000000,67632.78000000,67798.88000000,77.80505791,5272883.21432227,421
1788494400000,67798.88000000,68057.15000000,67762.57000000,68020.83000000,188.95623935,12838981.06854053,2277
1788496200000,68020.83000000,68383.17000000,67874.49000000,68236.82000000,191.86585272,13078502.59786805,9501
1788498000000,68236.82000000,68540.28000000,68050.84000000,68354.30000000,93.55627490,6391309.83259263,349
1788499800000,68354.30000000,68702.01000000,68156.81000000,68504.52000000,128.69692368,8809876.42449962,484
1788501600000,68504.52000000,68680.81000000,68349.72000000,68526.01000000,240.11695032,16452535.92562897,18248
1788503400000,68526.01000000,68930.65000000,68437.33000000,68841.98000000,237.91260503,16353316.30043226,1833
1788505200000,68841.98000000,68910.08000000,68663.38000000,68731.48000000,214.98689537,14784286.39114710,1863
1788507000000,68731.48000000,68818.65000000,68496.79000000,68583.96000000,192.52604359,13213665.42121112,1601
1788508800000,68583.96000000,69485.44000000,68576.23000000,69482.26000000,186.66429243,12913680.24953378,1954
1788510600000,69482.26000000,69795.28000000,69289.89000000,69602.91000000,121.40187808,8445041.66710950,951
1788512400000,69602.91000000,69624.98000000,69532.88000000,69552.30000000,148.19543609,10309964.64234713,2662
1788514200000,69552.30000000,69713.38000000,69436.86000000,69597.94000000,78.24309754,5444368.04343469,323
1788516000000,69597.94000000,69940.51000000,69448.63000000,69791.20000000,70.35376075,4905541.03069835,702
1788517800000,69791.20000000,69927.82000000,69696.60000000,69833.22000000,100.87032950,7042687.19268574,564
1788519600000,69833.22000000,70019.35000000,69610.70000000,69796.83000000,263.13538633,18369207.39016979,34953
1788521400000,69796.83000000,70158.88000000,69588.21000000,69950.27000000,233.78805308,16341579.38432759,7691
1788523200000,69950.27000000,70122.47000000,69586.62000000,69758.83000000,230.54121524,16096996.77022295,4513
1788525000000,69758.83000000,69834.74000000,69745.18000000,69822.04000000,240.22644096,16767962.60723291,26710
1788526800000,69822.04000000,69905.41000000,69700.12000000,69783.49000000,334.37516497,23338161.70504574,7408
1788528600000,69783.49000000,69978.49000000,69357.93000000,69552.94000000,124.69277557,8682331.67328884,2821
1788530400000,69552.94000000,69820.00000000,69309.17000000,69576.23000000,185.08393792,12876005.50755809,1577
1788532200000,69576.23000000,69830.20000000,69466.99000000,69720.96000000,167.89158911,11697463.46519952,9841
1788534000000,69720.96000000,69995.40000000,69529.36000000,69803.79000000,151.90654583,10599458.76982268,8790
1788535800000,69803.79000000,69881.72000000,69634.89000000,69712.82000000,178.81739924,12471287.52325545,1779
1788537600000,69712.82000000,69744.68000000,69666.31000000,69698.17000000,331.99948177,23141378.07095600,1253
1788539400000,69698.17000000,69735.19000000,69380.88000000,69417.89000000,425.44598076,29573311.50216446,6679
1788541200000,69417.89000000,69576.80000000,69172.41000000,69331.32000000,218.09507810,15127112.82007305,793
1788543000000,69331.32000000,69368.63000000,69229.62000000,69266.93000000,288.21148595,19969709.82536857,1683
1788544800000,69266.93000000,69428.01000000,69108.80000000,69269.89000000,84.89894750,5880856.85470064,1496
1788546600000,69269.89000000,69347.73000000,69068.98000000,69146.82000000,593.76246497,41081144.61536931,36586
1788548400000,69146.82000000,69397.19000000,69022.02000000,69272.39000000,127.68058599,8839395.22432731,920
1788550200000,69272.39000000,69348.93000000,69106.97000000,69183.51000000,72.19138840,4996592.27523780,408
1788552000000,69183.51000000,69741.47000000,69012.17000000,69570.14000000,187.57405829,13025378.92117593,18538
1788553800000,69570.14000000,69673.67000000,69392.35000000,69495.88000000,182.11678763,12660873.64413887,1518
1788555600000,69495.88000000,69779.11000000,69426.92000000,69710.16000000,329.51795562,22947212.39400865,5395
1788557400000,69710.16000000,70160.78000000,69519.73000000,69970.35000000,143.89929224,10056203.81427920,10602
1788559200000,69970.35000000,69972.21000000,69913.08000000,69922.78000000,126.46427749,8844408.52681027,8943
1788561000000,69922.78000000,70361.10000000,69793.75000000,70232.07000000,247.14580189,17332081.58143014,16940
1788562800000,70232.07000000,70408.22000000,70168.62000000,70344.76000000,98.59758491,6932119.83655014,470
1788564600000,70344.76000000,70566.85000000,70051.01000000,70273.11000000,170.63436140,11995082.11796192,666
1788566400000,70273.11000000,70524.39000000,69817.42000000,70068.71000000,259.72435730,18216245.94250325,2303
1788568200000,70068.71000000,70276.16000000,69923.59000000,70131.03000000,109.79061915,7697448.75800626,1195
1788570000000,70131.03000000,70389.34000000,69825.71000000,70084.01000000,264.41768730,18535597.34294418,9808
1788571800000,70084.01000000,70212.88000000,69828.67000000,69957.53000000,122.72490497,8590705.35287314,1327
1788573600000,69957.53000000,70075.34000000,69862.45000000,69980.26000000,93.56486644,6546984.73413748,1332
1788575400000,69980.26000000,69997.11000000,69566.31000000,69570.19000000,220.03914014,15339193.18356812,6006
1788577200000,69570.19000000,69831.76000000,69455.72000000,69717.30000000,307.38962766,21415300.33079067,24776
1788579000000,69717.30000000,69968.46000000,69557.85000000,69809.01000000,257.31266406,17954875.50930571,6291
1788580800000,69809.01000000,70095.99000000,69666.57000000,69953.55000000,242.67667440,16964402.31470454,3178
1788582600000,69953.55000000,70125.46000000,69907.73000000,70079.64000000,193.63004992,13561385.53403665,3080
1788584400000,70079.64000000,70413.20000000,69955.52000000,70289.08000000,209.51957892,14712311.31062743,2063
1788586200000,70289.08000000,70454.62000000,70210.08000000,70375.62000000,238.91297425,16806756.27381804,3161
1788588000000,70375.62000000,70820.47000000,70268.63000000,70713.48000000,83.89980653,5923398.47878132,4001
1788589800000,70713.48000000,70857.90000000,70666.82000000,70811.24000000,436.46037208,30892078.40181141,2963
1788591600000,70811.24000000,70813.15000000,70688.48000000,70692.56000000,98.79312544,6987775.66238001,365
1788593400000,70692.56000000,70785.77000000,70630.78000000,70724.00000000,310.52695362,21958452.70629023,8266
1788595200000,70724.00000000,70801.50000000,70643.97000000,70721.47000000,114.42622534,8092487.47514183,1492
1788597000000,70721.47000000,70755.05000000,70562.19000000,70595.77000000,208.95979605,14760433.77344055,5082
1788598800000,70595.77000000,70812.53000000,70437.27000000,70654.03000000,379.60883915,26813523.00644387,2162
1788600600000,70654.03000000,70736.55000000,70524.83000000,70607.35000000,194.19650564,13714722.80426486,7915
1788602400000,70607.35000000,70770.67000000,70486.31000000,70649.63000000,157.06248385,11094192.57351363,2503
1788604200000,70649.63000000,70663.80000000,70581.99000000,70590.73000000,232.09713645,16388883.36108081,11893
1788606000000,70590.73000000,70876.74000000,70539.99000000,70825.99000000,95.11043110,6728831.84511456,4502
1788607800000,70825.99000000,70925.07000000,70761.41000000,70860.49000000,194.75458948,13798165.17238778,5433
1788609600000,70860.49000000,70982.05000000,70722.23000000,70843.79000000,157.01414318,11124351.10458226,754
1788611400000,70843.79000000,70876.51000000,70435.39000000,70468.11000000,277.90438461,19618197.35685112,16481
1788613200000,70468.11000000,70596.76000000,70255.35000000,70384.01000000,186.96803937,13164801.75575014,13474
1788615000000,70384.01000000,70502.29000000,70353.75000000,70472.02000000,141.73991140,9984539.98449463,10652
1788616800000,70472.02000000,70629.20000000,70331.31000000,70488.49000000,139.64577602,9842652.93488636,1500
1788618600000,70488.49000000,70626.83000000,70241.50000000,70379.84000000,135.17582344,9518548.59465314,1145
1788620400000,70379.84000000,70412.64000000,70268.05000000,70300.84000000,164.31487044,11555800.57839890,7356
1788622200000,70300.84000000,70550.57000000,70149.93000000,70399.66000000,131.01221154,9218899.61423791,4263
1788624000000,70399.66000000,70400.65000000,70209.83000000,70230.62000000,222.53048314,15639524.13368055,2886
1788625800000,70230.62000000,70258.99000000,70057.37000000,70085.73000000,172.35738533,12088117.35677435,5989
1788627600000,70085.73000000,70405.06000000,69928.82000000,70248.15000000,249.20285759,17492547.41202011,6613
1788629400000,70248.15000000,70422.40000000,69923.71000000,70097.96000000,198.34435173,13913464.40817854,2745
1788631200000,70097.96000000,70130.58000000,69943.88000000,69969.44000000,120.04594926,8404973.10909173,521
1788633000000,69969.44000000,70153.72000000,69808.06000000,69992.34000000,345.46982289,24177603.76633296,2123
1788634800000,69992.34000000,70448.15000000,69816.24000000,70272.04000000,205.01730352,14387869.83032742,4199
1788636600000,70272.04000000,70329.48000000,70166.29000000,70223.73000000,152.48378629,10710436.28257210,6343
1788638400000,70223.73000000,70282.33000000,69882.99000000,69941.59000000,251.59237858,17620432.26064152,2868
1788640200000,69941.59000000,70216.12000000,69848.89000000,70123.42000000,178.57831137,12511698.63503798,3783
1788642000000,70123.42000000,70261.63000000,69773.11000000,69911.31000000,228.75418564,16008679.49895973,8009
1788643800000,69911.31000000,70025.38000000,69694.01000000,69808.08000000,147.44626869,10298015.06607174,19291
1788645600000,69808.08000000,69869.98000000,69640.90000000,69702.80000000,206.02735968,14367914.21338673,13498
1788647400000,69702.80000000,69845.18000000,69365.00000000,69507.38000000,137.82113754,9588564.02762915,2004
1788649200000,69507.38000000,69714.96000000,69214.04000000,69421.62000000,237.12394853,16468306.69570914,3883
1788651000000,69421.62000000,69487.94000000,69254.98000000,69321.31000000,346.44825785,24027831.16949370,5020
1788652800000,69321.31000000,69468.24000000,69294.17000000,69441.10000000,377.14738578,26174470.18252797,38664
1788654600000,69441.10000000,69516.05000000,69379.95000000,69454.91000000,278.78841776,19361940.71730527,15264
1788656400000,69454.91000000,69522.26000000,69434.48000000,69501.84000000,83.38511635,5794114.45780088,4580
1788658200000,69501.84000000,69591.88000000,69368.02000000,69458.06000000,225.72324752,15681592.16946848,10501
1788660000000,69458.06000000,69508.17000000,69329.24000000,69379.36000000,149.48025004,10374765.21624717,8723
1788661800000,69379.36000000,69428.09000000,69301.34000000,69350.07000000,256.87155894,17816568.42473708,21897
1788663600000,69350.07000000,69498.01000000,69285.40000000,69433.34000000,154.16754546,10700088.74540334,3539
1788665400000,69433.34000000,69508.29000000,69311.54000000,69386.48000000,128.10806625,8890969.14325512,11967
1788667200000,69386.48000000,69436.77000000,69331.84000000,69382.13000000,103.49163312,7180620.42111421,3738
1788669000000,69382.13000000,69683.43000000,69305.89000000,69607.19000000,122.20400218,8497109.27108467,7473
1788670800000,69607.19000000,69610.09000000,69553.64000000,69555.44000000,162.90130179,11333541.72219885,1203
1788672600000,69555.44000000,69601.63000000,69394.20000000,69440.39000000,266.61598038,18524142.24336128,2064
1788674400000,69440.39000000,69531.63000000,69349.78000000,69441.02000000,139.58866334,9693149.39762706,673
1788676200000,69441.02000000,69623.52000000,69435.85000000,69622.20000000,102.74152944,7146754.73635480,6457
1788678000000,69622.20000000,69872.17000000,69432.73000000,69682.71000000,153.76549156,10711694.57395695,4592
1788679800000,69682.71000000,70038.35000000,69640.78000000,69996.42000000,192.27559568,13438497.24771528,20679
1788681600000,69996.42000000,70171.37000000,69785.37000000,69960.32000000,111.48238837,7800684.83443656,839
1788683400000,69960.32000000,70159.15000000,69725.43000000,69924.27000000,201.37274453,14083261.82605320,5375
1788685200000,69924.27000000,70228.58000000,69737.14000000,70041.45000000,390.35912063,27326070.68312307,2605
1788687000000,70041.45000000,70288.86000000,70017.96000000,70283.05000000,400.08374160,28084528.54590517,9392
1788688800000,70283.05000000,70381.75000000,70170.23000000,70268.93000000,286.80454143,20154799.02546972,3177
1788690600000,70268.93000000,70408.87000000,69920.99000000,70060.92000000,228.42420118,16019448.76718599,9647
1788692400000,70060.92000000,70310.42000000,69984.25000000,70233.75000000,210.13814707,14746683.66262850,6065
1788694200000,70233.75000000,70238.10000000,70096.86000000,70097.69000000,423.20981934,29685721.63712636,3957
1788696000000,70097.69000000,70194.73000000,69991.71000000,70088.75000000,616.79519266,43232241.61858255,24441
1788697800000,70088.75000000,70274.68000000,70024.17000000,70210.10000000,170.30998195,11950591.71256099,12176
1788699600000,70210.10000000,70287.43000000,70084.88000000,70162.21000000,244.87973513,17185212.81131902,33893
1788701400000,70162.21000000,70178.92000000,70157.43000000,70163.81000000,192.74863711,13524539.97688360,3823
1788703200000,70163.81000000,70309.96000000,70084.35000000,70230.49000000,67.43057698,4734183.95595782,6286
1788705000000,70230.49000000,70404.94000000,70208.49000000,70382.94000000,225.65060516,15870485.79089591,6676
1788706800000,70382.94000000,70417.45000000,70179.75000000,70214.26000000,185.98147386,13069008.94836242,14028
1788708600000,70214.26000000,70401.10000000,70103.88000000,70290.71000000,313.93723016,22058872.10397749,10436
1788710400000,70290.71000000,70450.25000000,70195.19000000,70354.73000000,377.53929605,26553619.33250345,2129
1788712200000,70354.73000000,70538.26000000,70290.01000000,70473.55000000,191.54508876,13491275.52139742,24837
1788714000000,70473.55000000,70604.65000000,70419.33000000,70550.42000000,585.00090774,41257070.87737682,6015
1788715800000,70550.42000000,70701.36000000,70478.85000000,70629.79000000,122.12285736,8622280.90852117,2056
1788717600000,70629.79000000,70723.72000000,70620.99000000,70719.15000000,162.51674584,11487976.07837939,5500
1788719400000,70719.15000000,70816.81000000,70617.97000000,70715.63000000,136.88673719,9680192.15150120,8802
1788721200000,70715.63000000,70800.32000000,70639.24000000,70723.93000000,166.80744340,11796816.50807020,1476
1788723000000,70723.93000000,70742.23000000,70641.68000000,70641.76000000,282.25752787,19948613.89786378,3830
1788724800000,70641.76000000,70798.54000000,70503.28000000,70660.06000000,172.57487786,12193098.41174684,15415
1788726600000,70660.06000000,70749.34000000,70439.24000000,70528.53000000,188.97216427,13336213.58445244,7920
1788728400000,70528.53000000,70831.14000000,70480.13000000,70782.74000000,125.59373180,8879226.05964907,925
1788730200000,70782.74000000,70961.76000000,70718.96000000,70897.98000000,230.95554831,16365410.97288046,12554
1788732000000,70897.98000000,71005.30000000,70782.48000000,70889.80000000,156.26005187,11077670.03893300,15439
1788733800000,70889.80000000,71044.64000000,70580.04000000,70734.88000000,214.85355158,15208734.88131097,878
1788735600000,70734.88000000,70767.31000000,70587.01000000,70619.45000000,218.09038046,15409813.29339543,9520
1788737400000,70619.45000000,70701.98000000,70477.74000000,70560.27000000,307.72564284,21719274.98692268,31845
1788739200000,70560.27000000,70710.81000000,70181.84000000,70332.38000000,159.55828560,11234234.38114233,3695
1788741000000,70332.38000000,70672.90000000,70162.78000000,70503.30000000,102.09771180,7192408.83667038,2074
1788742800000,70503.30000000,70644.79000000,70242.12000000,70383.60000000,89.04322228,6270735.67650183,1952
1788744600000,70383.60000000,70593.30000000,70261.26000000,70470.95000000,122.59389787,8635739.17847525,4135
1788746400000,70470.95000000,70471.33000000,70264.61000000,70277.49000000,125.86101189,8852788.27676433,2995
1788748200000,70277.49000000,70353.24000000,70141.16000000,70216.91000000,168.67054074,11846930.72987551,1799
1788750000000,70216.91000000,70391.63000000,70084.06000000,70258.78000000,109.10984240,7664401.52874748,13748
1788751800000,70258.78000000,70348.86000000,70137.30000000,70227.38000000,203.31835871,14280643.47719062,1909
1788753600000,70227.38000000,70391.79000000,70199.41000000,70363.82000000,94.02273306,6611522.51921424,9338
1788755400000,70363.82000000,70473.51000000,70214.70000000,70324.40000000,108.92851058,7661763.22329693,13381
1788757200000,70324.40000000,70387.41000000,70291.16000000,70354.17000000,180.40771672,12690645.15829053,1984
1788759000000,70354.17000000,70447.76000000,70270.47000000,70364.05000000,333.65926523,23476518.83139228,1455
1788760800000,70364.05000000,70412.82000000,70273.23000000,70322.00000000,99.99533669,7033273.73530107,612
1788762600000,70322.00000000,70533.42000000,70231.33000000,70442.75000000,197.25730352,13887407.07431548,13538
1788764400000,70442.75000000,70561.82000000,70074.02000000,70193.09000000,326.64320468,22955278.28496164,27603
1788766200000,70193.09000000,70196.41000000,70144.51000000,70147.61000000,89.99317848,6314177.38833380,656
1788768000000,70147.61000000,70220.26000000,70140.00000000,70209.04000000,166.71905251,11701971.61059680,11307
1788769800000,70209.04000000,70282.22000000,70159.68000000,70232.85000000,551.19222920,38707428.40278696,64590
1788771600000,70232.85000000,70441.93000000,70171.08000000,70380.15000000,165.71136839,11654654.51883024,3281
1788773400000,70380.15000000,70657.79000000,70275.69000000,70553.33000000,196.44379558,13848423.77941517,1416
1788775200000,70553.33000000,70642.21000000,70390.97000000,70479.85000000,196.96784475,13887088.87579416,3860
1788777000000,70479.85000000,70519.96000000,70396.59000000,70436.70000000,118.34282262,8337380.02691667,2547
1788778800000,70436.70000000,70461.46000000,70246.35000000,70248.40000000,113.17162758,7958085.58819561,651
1788780600000,70248.40000000,70370.69000000,70027.23000000,70149.52000000,229.72374837,16122582.76810850,23132
1788782400000,70149.52000000,70198.59000000,70029.22000000,70078.29000000,147.82080022,10362539.03795809,11008
1788784200000,70078.29000000,70129.88000000,70050.21000000,70101.80000000,249.04737217,17456716.89470240,2698
1788786000000,70101.80000000,70127.46000000,70060.52000000,70086.18000000,202.24416192,14175573.16676577,5304
1788787800000,70086.18000000,70128.09000000,70083.18000000,70123.76000000,160.85677784,11277938.41404612,19513
1788789600000,70123.76000000,70207.86000000,70117.52000000,70198.65000000,150.49397887,10560865.96095590,15505
1788791400000,70198.65000000,70252.23000000,70074.80000000,70128.37000000,158.77783902,11138550.70835396,14129
1788793200000,70128.37000000,70136.68000000,70098.82000000,70102.76000000,207.50275521,14548589.02846091,10875
1788795000000,70102.76000000,70189.40000000,70033.45000000,70120.10000000,120.44876796,8445183.23117869,12383
1788796800000,70120.10000000,70122.46000000,70041.61000000,70059.00000000,252.72872713,17709803.41359412,32994
1788798600000,70059.00000000,70209.68000000,70004.89000000,70155.57000000,70.05801562,4912704.72910335,1007
1788800400000,70155.57000000,70243.58000000,70112.99000000,70201.01000000,182.47359866,12807066.57094619,11723
1788802200000,70201.01000000,70286.93000000,70155.64000000,70241.56000000,74.69476858,5245667.26677162,1811
1788804000000,70241.56000000,70315.16000000,70063.87000000,70137.47000000,270.27730574,18965944.31327108,2840
1788805800000,70137.47000000,70139.25000000,70034.74000000,70048.42000000,426.40594457,29880027.90927017,28418
1788807600000,70048.42000000,70166.41000000,69892.02000000,70010.01000000,197.64184647,13839437.86574604,4095
1788809400000,70010.01000000,70064.81000000,69936.62000000,69991.42000000,144.22378956,10095321.57947803,961
1788811200000,69991.42000000,70256.58000000,69910.16000000,70175.32000000,260.96909966,18297592.45787816,2163
1788813000000,70175.32000000,70251.46000000,70103.02000000,70179.16000000,365.08358099,25620791.50221480,28043
1788814800000,70179.16000000,70517.00000000,70123.66000000,70461.50000000,175.32993898,12337509.49453704,7463
1788816600000,70461.50000000,70516.25000000,70292.72000000,70347.47000000,101.64954975,7154652.51538759,12629
1788818400000,70347.47000000,70369.35000000,70241.06000000,70245.54000000,55.69702958,3914683.24960825,306
1788820200000,70245.54000000,70409.14000000,70169.79000000,70333.40000000,173.77756608,12217277.44368083,19407
1788822000000,70333.40000000,70410.56000000,70191.79000000,70268.95000000,169.51902362,11915565.18707522,4176
1788823800000,70268.95000000,70322.35000000,70145.65000000,70199.05000000,374.78260775,26318116.26013358,20568
1788825600000,70199.05000000,70396.31000000,70141.73000000,70338.98000000,219.04625698,15397274.26124621,1638
1788827400000,70338.98000000,70422.40000000,70243.43000000,70326.85000000,132.65233803,9329557.20959317,1901
1788829200000,70326.85000000,70380.53000000,70295.94000000,70349.62000000,394.89680864,27777843.30197019,3002
1788831000000,70349.62000000,70367.57000000,70327.47000000,70328.81000000,137.38998690,9664187.80525227,4804
1788832800000,70328.81000000,70347.85000000,70268.28000000,70287.32000000,123.48402232,8681068.70648263,494
1788834600000,70287.32000000,70304.48000000,70223.81000000,70240.97000000,145.31945925,10209624.96816396,7778
1788836400000,70240.97000000,70374.14000000,70093.32000000,70226.49000000,58.69848104,4122471.76819658,666
1788838200000,70226.49000000,70294.60000000,69998.79000000,70066.90000000,164.25766167,11517762.86699133,8773
1788840000000,70066.90000000,70304.21000000,69963.78000000,70201.10000000,223.83025115,15703117.08132305,1776
1788841800000,70201.10000000,70327.82000000,70163.09000000,70289.81000000,298.00499281,20937901.50022451,15985
1788843600000,70289.81000000,70383.86000000,70227.76000000,70321.82000000,186.07942059,13083457.30831693,3448
1788845400000,70321.82000000,70582.83000000,70206.15000000,70467.17000000,180.45175488,12707181.49841486,2294
1788847200000,70467.17000000,70507.83000000,70381.60000000,70422.27000000,259.68816177,18291716.05221202,30411
1788849000000,70422.27000000,70464.09000000,70370.60000000,70412.42000000,124.62284170,8775405.22268667,842
1788850800000,70412.42000000,70468.00000000,70400.97000000,70466.00000000,559.95826360,39446252.96131694,23767
1788852600000,70466.00000000,70616.01000000,70364.76000000,70514.78000000,94.97951365,6695914.74880526,757
1788854400000,70514.78000000,70618.09000000,70429.47000000,70532.78000000,179.04904473,12627752.72976682,19822
1788856200000,70532.78000000,70775.25000000,70494.18000000,70736.64000000,293.55210212,20744942.31131737,9365
1788858000000,70736.64000000,70964.83000000,70690.63000000,70918.81000000,94.50564575,6696489.26721683,10600
1788859800000,70918.81000000,70992.72000000,70757.90000000,70831.81000000,405.78841920,28754494.69302106,45681
1788861600000,70831.81000000,70860.88000000,70705.61000000,70734.68000000,252.17522659,17845698.23927296,8291
1788863400000,70734.68000000,70838.09000000,70722.96000000,70829.24000000,223.06673119,15792402.43791708,4083
1788865200000,70829.24000000,70977.16000000,70814.18000000,70962.10000000,257.32336578,18248810.33953234,3501
1788867000000,70962.10000000,70972.92000000,70942.59000000,70953.41000000,138.93685211,9858445.81618018,13499
1788868800000,70953.41000000,71067.49000000,70907.86000000,71021.93000000,196.83222361,13974909.16270445,19542
1788870600000,71021.93000000,71075.10000000,70920.85000000,70974.02000000,202.83587624,14399317.17777411,25817
1788872400000,70974.02000000,70981.44000000,70968.63000000,70975.36000000,246.48291466,17494159.33897924,5719
1788874200000,70975.36000000,71090.16000000,70953.59000000,71068.39000000,184.29368897,13091740.59090493,2142
1788876000000,71068.39000000,71102.65000000,71067.72000000,71100.27000000,104.63176038,7438294.22274244,1620
1788877800000,71100.27000000,71216.30000000,71012.83000000,71128.87000000,173.18363475,12316704.73742321,6887
1788879600000,71128.87000000,71198.44000000,71112.84000000,71182.41000000,268.21169729,19087168.50186271,1113
1788881400000,71182.41000000,71183.22000000,71158.84000000,71161.45000000,66.95097346,4764756.17988768,387
1788883200000,71161.45000000,71274.05000000,71096.11000000,71208.70000000,177.74937429,12654502.61532219,24560
1788885000000,71208.70000000,71261.54000000,71162.23000000,71215.07000000,403.52238153,28736017.70229469,48239
1788886800000,71215.07000000,71294.90000000,71142.94000000,71222.77000000,141.74370919,10095015.68105881,585
1788888600000,71222.77000000,71268.97000000,71144.84000000,71191.04000000,129.40704490,9213990.63283787,13462
1788890400000,71191.04000000,71272.39000000,71073.24000000,71154.59000000,177.54853085,12635550.45285943,3332
1788892200000,71154.59000000,71328.33000000,71137.53000000,71311.27000000,172.13713319,12266327.16834654,21633
1788894000000,71311.27000000,71363.40000000,71268.27000000,71320.41000000,238.57353357,17014434.91380630,8208
1788895800000,71320.41000000,71455.84000000,71208.82000000,71344.25000000,77.66963410,5540664.56991961,1151
1788897600000,71344.25000000,71446.16000000,71288.66000000,71390.57000000,271.96077663,19411236.45367613,16144
1788899400000,71390.57000000,71393.82000000,71285.51000000,71291.30000000,113.84629353,8119920.98434509,1755
1788901200000,71291.30000000,71372.05000000,71137.22000000,71217.98000000,288.90049493,20581969.04150203,11022
1788903000000,71217.98000000,71320.12000000,71036.62000000,71138.76000000,223.67015133,15917523.92872049,2690
1788904800000,71138.76000000,71292.45000000,71075.91000000,71229.59000000,201.55495565,14350574.88371198,968
1788906600000,71229.59000000,71273.99000000,71081.07000000,71125.47000000,157.47276142,11205789.38263683,801
1788908400000,71125.47000000,71208.45000000,71018.94000000,71101.92000000,166.49180800,11839194.39813621,13409
1788910200000,71101.92000000,71195.62000000,70988.66000000,71082.37000000,197.60480734,14047505.32132823,12559
1788912000000,71082.37000000,71212.13000000,70975.32000000,71105.09000000,411.35724982,29246477.20301089,2917
1788913800000,71105.09000000,71204.35000000,70833.17000000,70932.44000000,245.38873328,17420142.82032803,974
1788915600000,70932.44000000,70997.68000000,70796.59000000,70861.83000000,125.91772730,8925724.43068251,1853
1788917400000,70861.83000000,71073.87000000,70838.35000000,71050.40000000,119.90520498,8511775.72300240,4534
1788919200000,71050.40000000,71056.54000000,71004.31000000,71004.79000000,110.61204766,7855875.61803213,555
1788921000000,71004.79000000,71110.20000000,70974.95000000,71080.36000000,166.58983590,11837068.86511405,2236
1788922800000,71080.36000000,71255.41000000,70927.20000000,71102.24000000,162.94577331,11584621.35720203,1677
1788924600000,71102.24000000,71259.17000000,71050.97000000,71207.90000000,246.23081980,17524907.10022634,5749
1788926400000,71207.90000000,71349.12000000,71087.69000000,71228.91000000,209.10775177,14893051.89854031,17384
1788928200000,71228.91000000,71336.88000000,71108.92000000,71216.89000000,217.26432801,15473759.94221204,10667
1788930000000,71216.89000000,71293.66000000,71063.34000000,71140.11000000,197.51710982,14056443.65905840,718
1788931800000,71140.11000000,71231.00000000,71025.92000000,71116.81000000,159.71798745,11359873.86959871,4709
1788933600000,71116.81000000,71256.66000000,71075.57000000,71215.43000000,350.13734698,24923670.75943927,13277
1788935400000,71215.43000000,71237.54000000,71182.60000000,71204.71000000,349.02150289,24853221.96860856,24494
1788937200000,71204.71000000,71294.35000000,70893.55000000,70983.19000000,181.49177126,12896266.21479206,15701
1788939000000,70983.19000000,71150.98000000,70766.19000000,70933.97000000,181.90938063,12906539.14268313,4507
1788940800000,70933.97000000,71037.45000000,70730.19000000,70833.67000000,180.17176682,12768251.23495968,7978
1788942600000,70833.67000000,71060.32000000,70745.98000000,70972.63000000,160.91049527,11412787.80665707,6373
1788944400000,70972.63000000,71006.32000000,70819.55000000,70853.24000000,185.19910764,13129326.89644432,10006
1788946200000,70853.24000000,70865.68000000,70748.56000000,70751.21000000,180.18640961,12755122.69376669,17856
1788948000000,70751.21000000,70940.20000000,70695.41000000,70884.40000000,288.09844814,20408894.19978844,9289
1788949800000,70884.40000000,71100.07000000,70772.23000000,70987.90000000,130.10433002,9231344.28309937,16278
1788951600000,70987.90000000,71107.25000000,70836.10000000,70955.45000000,182.59865359,12958345.05503074,1732
1788953400000,70955.45000000,71058.02000000,70629.44000000,70732.01000000,218.55818283,15475337.91466658,2560
1788955200000,70732.01000000,70852.24000000,70524.43000000,70644.66000000,264.93161688,18723717.87512857,1214
1788957000000,70644.66000000,70774.42000000,70538.00000000,70667.76000000,303.84461961,21469678.32667915,9537
1788958800000,70667.76000000,71001.06000000,70477.07000000,70810.37000000,244.05676658,17270148.81085847,33749
1788960600000,70810.37000000,70903.27000000,70776.16000000,70869.06000000,98.23044285,6959577.54880560,1938
1788962400000,70869.06000000,70876.26000000,70854.42000000,70860.76000000,144.80338023,10261319.92129008,2806
1788964200000,70860.76000000,71000.06000000,70442.09000000,70581.39000000,242.70656587,17153169.33301127,12690
1788966000000,70581.39000000,70812.27000000,70313.94000000,70544.81000000,119.35133289,8421072.76027939,4452
1788967800000,70544.81000000,70670.20000000,70542.71000000,70650.74000000,93.37807904,6594473.73056142,1129
1788969600000,70650.74000000,70958.87000000,70581.15000000,70889.28000000,326.43954457,23115107.99435655,7659
1788971400000,70889.28000000,71181.72000000,70657.65000000,70950.08000000,210.33481013,14919009.34744680,10964
1788973200000,70950.08000000,71178.77000000,70884.87000000,71113.55000000,51.63177415,3668905.54204863,3095
1788975000000,71113.55000000,71178.23000000,70858.29000000,70922.97000000,131.63634846,9344403.23263492,7550
1788976800000,70922.97000000,71259.29000000,70907.78000000,71251.73000000,141.86469051,10092197.57847998,903
1788978600000,71251.73000000,71335.84000000,71101.79000000,71185.90000000,386.88675051,27549370.51899988,9201
1788980400000,71185.90000000,71267.36000000,71040.41000000,71121.87000000,332.47885705,23653615.08090831,5694
1788982200000,71121.87000000,71180.04000000,71063.79000000,71121.96000000,192.44604651,13687134.82063753,2722
1788984000000,71121.96000000,71142.61000000,71114.07000000,71140.53000000,183.90416175,13081544.91113578,1397
1788985800000,71140.53000000,71204.81000000,70935.41000000,70999.69000000,221.75537101,15754972.82959384,3244
1788987600000,70999.69000000,71024.42000000,70847.87000000,70872.61000000,125.70084554,8914071.53921497,1292
1788989400000,70872.61000000,70927.52000000,70796.34000000,70851.25000000,163.57697218,11590797.39145617,1344
1788991200000,70851.25000000,70942.04000000,70742.53000000,70833.33000000,361.82902030,25631714.51969448,11926
1788993000000,70833.33000000,70853.22000000,70813.17000000,70833.06000000,234.34308951,16599258.73592484,1283
1788994800000,70833.06000000,70896.93000000,70823.89000000,70889.96000000,231.66610054,16418236.85366498,4187
1788996600000,70889.96000000,70894.47000000,70855.91000000,70877.45000000,83.46365687,5915565.45052201,1642
1788998400000,70877.45000000,70909.08000000,70735.58000000,70767.21000000,131.08868514,9281597.54272631,11312
1789000200000,70767.21000000,71075.02000000,70728.18000000,71035.99000000,369.35720791,26204562.25310619,30935
1789002000000,71035.99000000,71084.87000000,71015.79000000,71054.68000000,271.85567538,19315829.43288001,35000
1789003800000,71054.68000000,71244.01000000,70874.36000000,71063.69000000,172.65361741,12268884.42143360,645
1789005600000,71063.69000000,71129.46000000,70959.28000000,71025.05000000,302.63447657,21498527.10552150,1395
1789007400000,71025.05000000,71139.66000000,70961.37000000,71075.98000000,239.83007913,17042087.19528838,6315
1789009200000,71075.98000000,71257.17000000,70902.31000000,71083.49000000,142.34610825,10118101.81583754,1106
1789011000000,71083.49000000,71162.76000000,70986.98000000,71066.25000000,213.20647352,15153009.91040268,6551
1789012800000,71066.25000000,71168.35000000,70972.61000000,71074.71000000,253.27458351,18000703.12610370,20909
1789014600000,71074.71000000,71144.57000000,71015.44000000,71085.30000000,108.61887388,7720821.38708812,865
1789016400000,71085.30000000,71295.72000000,70644.05000000,70854.48000000,169.53044028,12025034.65016283,1351
1789018200000,70854.48000000,71022.80000000,70530.58000000,70698.90000000,147.30385130,10421859.38704932,1800
1789020000000,70698.90000000,70956.95000000,70592.64000000,70850.69000000,162.47616567,11503327.29848888,3748
1789021800000,70850.69000000,71003.58000000,70676.23000000,70829.13000000,195.85746109,13873821.19101970,781
1789023600000,70829.13000000,71212.34000000,70663.83000000,71047.04000000,58.41806122,4146187.01947869,871
1789025400000,71047.04000000,71083.66000000,70898.37000000,70934.99000000,84.26343672,5980373.28992569,11417
1789027200000,70934.99000000,71044.60000000,70862.44000000,70972.05000000,323.09155894,22926478.32950449,20264
1789029000000,70972.05000000,71107.51000000,70781.49000000,70916.95000000,121.12539076,8592068.11115624,1805
1789030800000,70916.95000000,71044.86000000,70864.98000000,70992.89000000,223.28058659,15845682.70393520,5382
1789032600000,70992.89000000,71078.39000000,70928.58000000,71014.08000000,302.93245538,21510330.79368202,16018
1789034400000,71014.08000000,71014.92000000,70958.88000000,70964.29000000,155.51313497,11038223.01264227,4072
1789036200000,70964.29000000,71019.47000000,70910.20000000,70965.38000000,189.49391376,13447439.12955265,6581
1789038000000,70965.38000000,71287.85000000,70841.58000000,71164.05000000,306.70395206,21805984.66889573,32470
1789039800000,71164.05000000,71239.25000000,71129.98000000,71205.18000000,327.65234374,23326051.34112737,13717
1789041600000,71205.18000000,71258.72000000,71072.11000000,71125.66000000,317.81585029,22613285.40612845,1330
1789043400000,71125.66000000,71392.80000000,70998.36000000,71265.50000000,140.26110474,9989239.74454870,14105
1789045200000,71265.50000000,71323.35000000,71254.72000000,71308.83000000,246.64188450,17584489.59106635,10034
1789047000000,71308.83000000,71448.84000000,70920.05000000,71060.07000000,569.86349603,40541791.85706112,21507
1789048800000,71060.07000000,71128.71000000,70867.32000000,70935.96000000,317.12927041,22508988.14508871,13808
1789050600000,70935.96000000,71062.77000000,70714.58000000,70841.40000000,148.17255799,10501421.40096720,624
1789052400000,70841.40000000,70883.47000000,70532.45000000,70574.52000000,185.35546622,13097861.47392358,1782
1789054200000,70574.52000000,70759.07000000,70453.09000000,70637.64000000,309.88947314,21883341.02770736,1744
1789056000000,70637.64000000,70842.12000000,70534.53000000,70739.01000000,196.82427459,13916504.05010511,5415
1789057800000,70739.01000000,70865.32000000,70622.12000000,70748.42000000,137.03237699,9694394.35418921,2307
1789059600000,70748.42000000,70840.08000000,70557.32000000,70648.98000000,308.16712283,21781908.10597419,9756
1789061400000,70648.98000000,71046.08000000,70474.03000000,70871.12000000,277.48406533,19645059.62238632,1066
1789063200000,70871.12000000,70941.40000000,70783.47000000,70853.76000000,253.95116230,17994863.46544224,1210
1789065000000,70853.76000000,71094.05000000,70725.79000000,70966.08000000,246.85641779,17509189.35765910,4843
1789066800000,70966.08000000,71076.58000000,70771.91000000,70882.41000000,160.41617049,11375159.11345691,1435
1789068600000,70882.41000000,70894.23000000,70829.87000000,70849.61000000,446.33821121,31626590.26046199,15332
1789070400000,70849.61000000,70959.67000000,70787.46000000,70897.53000000,303.11508190,21485268.00403446,4937
1789072200000,70897.53000000,70945.48000000,70721.00000000,70768.96000000,123.07812721,8715385.62385324,14801
1789074000000,70768.96000000,70867.66000000,70567.27000000,70665.97000000,146.12805854,10331297.34902420,2959
1789075800000,70665.97000000,70730.58000000,70507.38000000,70571.99000000,294.04028477,20760218.88212120,1843
1789077600000,70571.99000000,70674.94000000,70567.83000000,70663.67000000,197.85201949,13975372.30101073,714
1789079400000,70663.67000000,70759.51000000,70629.96000000,70725.80000000,96.06882093,6792554.74895899,583
1789081200000,70725.80000000,70784.93000000,70585.41000000,70644.54000000,117.76099371,8322360.97366874,2749
1789083000000,70644.54000000,70684.38000000,70584.09000000,70623.93000000,267.20440023,18872860.14087391,1232
1789084800000,70623.93000000,70790.82000000,70578.08000000,70744.98000000,155.39702511,10987288.72241702,576
1789086600000,70744.98000000,70840.58000000,70690.25000000,70785.85000000,143.27162667,10139651.66260359,5392
1789088400000,70785.85000000,70822.28000000,70618.55000000,70654.98000000,228.42197956,16149114.24309131,26618
1789090200000,70654.98000000,70780.61000000,70611.02000000,70736.65000000,133.51661245,9440883.20802702,10712
1789092000000,70736.65000000,70859.94000000,70577.02000000,70700.31000000,505.22960222,35726008.96436082,2250
1789093800000,70700.31000000,70859.13000000,70412.92000000,70571.74000000,369.16591716,26068503.08870156,13800
1789095600000,70571.74000000,70727.10000000,70529.73000000,70685.09000000,194.87268409,13767230.65227781,1826
1789097400000,70685.09000000,71087.08000000,70569.03000000,70971.03000000,137.32310544,9732873.11470697,18702
1789099200000,70971.03000000,71097.17000000,70676.93000000,70803.07000000,250.57377652,17755421.36270891,34647
1789101000000,70803.07000000,70803.90000000,70671.35000000,70687.03000000,81.60989836,5771513.96059985,5049
1789102800000,70687.03000000,70824.54000000,70616.81000000,70754.33000000,223.89779336,15836715.33450739,22809
1789104600000,70754.33000000,71215.13000000,70608.20000000,71069.00000000,405.47855137,28774425.37044179,28867
1789106400000,71069.00000000,71206.81000000,70898.93000000,71036.73000000,107.49126486,7636984.36303018,444
1789108200000,71036.73000000,71146.94000000,70884.03000000,70994.24000000,160.74846411,11414492.22070310,10074
1789110000000,70994.24000000,71090.75000000,70872.73000000,70969.23000000,351.34721087,24937770.55369451,27859
1789111800000,70969.23000000,71398.85000000,70841.02000000,71270.64000000,122.61449151,8726494.23021859,5732
1789113600000,71270.64000000,71309.95000000,71086.22000000,71125.53000000,320.34360098,22800102.62585823,1141
1789115400000,71125.53000000,71220.24000000,71080.06000000,71174.77000000,239.07159561,17011942.21995539,8491
1789117200000,71174.77000000,71211.35000000,70996.57000000,71002.66000000,225.65549620,16037379.83243486,28493
1789119000000,71002.66000000,71095.35000000,70893.13000000,70985.81000000,143.46056515,10184470.65606314,7310
1789120800000,70985.81000000,71019.08000000,70928.26000000,70961.53000000,218.11123135,15479272.66543656,20280
1789122600000,70961.53000000,70984.76000000,70912.26000000,70935.49000000,164.76289682,11688966.82130626,3419
1789124400000,70935.49000000,71008.80000000,70765.61000000,70838.92000000,322.89289359,22883777.79141655,18298
1789126200000,70838.92000000,70969.72000000,70741.60000000,70872.40000000,154.20657769,10927269.42846051,3045
1789128000000,70872.40000000,70950.96000000,70854.19000000,70932.75000000,125.12779868,8873141.38844122,6600
1789129800000,70932.75000000,71247.29000000,70800.20000000,71114.74000000,250.01656548,17764695.26106415,3601
1789131600000,71114.74000000,71395.38000000,71073.66000000,71354.30000000,164.37951714,11716059.31154963,2390
1789133400000,71354.30000000,71409.37000000,71089.23000000,71144.30000000,170.19550101,12120353.39904895,992
1789135200000,71144.30000000,71241.31000000,71020.15000000,71117.17000000,253.79743406,18051649.47577303,1126
1789137000000,71117.17000000,71334.95000000,71028.85000000,71246.63000000,115.68371096,8237082.18372046,996
1789138800000,71246.63000000,71342.13000000,71012.50000000,71108.00000000,270.08293407,19217537.80855546,3475
1789140600000,71108.00000000,71445.28000000,70931.68000000,71268.96000000,176.79426424,12590458.04444604,14684
1789142400000,71268.96000000,71499.46000000,71235.31000000,71465.81000000,429.87319693,30693028.57208109,41315
1789144200000,71465.81000000,71600.95000000,71324.28000000,71459.43000000,335.59828029,23982374.82876346,3992
1789146000000,71459.43000000,71503.30000000,71410.02000000,71453.89000000,235.67659955,16840444.94942472,18062
1789147800000,71453.89000000,71542.78000000,71382.29000000,71471.18000000,296.03845305,21156511.85698614,1280
1789149600000,71471.18000000,71560.31000000,71300.02000000,71389.14000000,325.49612693,23245790.33227488,6901
1789151400000,71389.14000000,71484.45000000,71110.93000000,71206.24000000,267.46625053,19061572.27867394,4096
1789153200000,71206.24000000,71538.85000000,71102.11000000,71434.73000000,371.26934355,26493246.95497088,44866
1789155000000,71434.73000000,71511.09000000,71386.71000000,71463.07000000,86.02534312,6146822.43965792,2516
1789156800000,71463.07000000,71475.21000000,71404.66000000,71422.46000000,108.70852004,7765496.38402883,2231
1789158600000,71422.46000000,71575.79000000,71140.91000000,71294.24000000,339.11234954,24191251.77376125,31685
1789160400000,71294.24000000,71431.04000000,71229.18000000,71365.97000000,94.42801663,6736689.60275172,8269
1789162200000,71365.97000000,71460.15000000,71345.72000000,71439.90000000,190.21441638,13584211.18439800,3263
1789164000000,71439.90000000,71568.66000000,71411.72000000,71540.48000000,177.35171603,12681881.20221821,1436
1789165800000,71540.48000000,71572.57000000,71481.96000000,71514.05000000,130.00454078,9298296.61388118,7350
1789167600000,71514.05000000,71647.65000000,71357.04000000,71490.64000000,97.29479735,6956426.67442008,754
1789169400000,71490.64000000,71585.08000000,71380.43000000,71474.87000000,254.46133259,18188928.56391035,24400
1789171200000,71474.87000000,71516.81000000,71403.09000000,71445.03000000,180.13626576,12871632.13585311,10026
1789173000000,71445.03000000,71478.88000000,71225.68000000,71259.53000000,150.25544317,10716423.30724371,6924
1789174800000,71259.53000000,71397.64000000,71142.22000000,71280.32000000,158.77973702,11316770.48923857,16763
1789176600000,71280.32000000,71346.93000000,71237.45000000,71304.06000000,227.73686020,16236760.02637246,2172
1789178400000,71304.06000000,71390.80000000,71289.68000000,71382.42000000,194.10237497,13850038.99938761,18241
1789180200000,71382.42000000,71397.35000000,71335.55000000,71338.95000000,241.77167913,17252169.89350837,25375
1789182000000,71338.95000000,71506.69000000,71224.13000000,71391.87000000,297.18472928,21211330.25522583,16154
1789183800000,71391.87000000,71510.77000000,71288.29000000,71407.20000000,214.13905227,15289975.42228293,1125
1789185600000,71407.20000000,71492.09000000,71171.59000000,71256.48000000,114.69865409,8178784.87825471,601
1789187400000,71256.48000000,71364.49000000,71210.78000000,71318.79000000,116.11339977,8278655.46138731,12444
1789189200000,71318.79000000,71556.75000000,71288.05000000,71543.14000000,222.64657641,15910912.67832618,4190
1789191000000,71543.14000000,72120.49000000,71403.88000000,71981.24000000,191.96322364,13789717.16947791,841
1789192800000,71981.24000000,72022.22000000,71735.20000000,71776.18000000,104.14276832,7482088.67568918,14201
1789194600000,71776.18000000,71956.86000000,71477.86000000,71658.54000000,68.52600230,4913160.38816637,1983
1789196400000,71658.54000000,71942.77000000,71485.31000000,71769.54000000,164.76633612,11819108.23489081,9401
1789198200000,71769.54000000,71911.41000000,71485.74000000,71627.60000000,340.98747492,24440248.85667779,7394
1789200000000,71627.60000000,71809.88000000,71467.01000000,71649.28000000,178.03466133,12754769.42002589,7589
1789201800000,71649.28000000,71759.43000000,71640.77000000,71756.55000000,314.68912598,22569163.37490011,4959
1789203600000,71756.55000000,71788.54000000,71581.87000000,71596.73000000,188.84109970,13531543.40269700,4468
1789205400000,71596.73000000,71638.72000000,71542.82000000,71584.81000000,225.46097730,16140477.79825491,1772
1789207200000,71584.81000000,71673.91000000,71567.07000000,71645.99000000,139.57351372,9997509.43736904,882
1789209000000,71645.99000000,71808.06000000,71459.88000000,71621.95000000,177.85920053,12740048.22596278,6461
1789210800000,71621.95000000,71907.03000000,71497.64000000,71782.72000000,150.72285694,10811219.47750251,7853
1789212600000,71782.72000000,72074.86000000,71671.85000000,71963.99000000,196.33091392,14116892.67653614,727
1789214400000,71963.99000000,72302.23000000,71780.74000000,72118.98000000,145.04082745,10452703.30112283,6800
1789216200000,72118.98000000,72347.64000000,72031.57000000,72260.23000000,183.06385362,13219616.63828185,1410
1789218000000,72260.23000000,72309.77000000,72088.56000000,72138.10000000,160.72487204,11600930.11902429,724
1789219800000,72138.10000000,72177.26000000,72080.47000000,72119.63000000,86.71185318,6254160.44213940,775
1789221600000,72119.63000000,72400.00000000,72022.06000000,72302.43000000,564.66348205,40792134.76680943,4096
1789223400000,72302.43000000,72398.76000000,72241.06000000,72337.38000000,143.92228344,10409284.75511851,1482
1789225200000,72337.38000000,72411.93000000,72311.89000000,72386.44000000,235.55416439,17047075.59807775,8160
1789227000000,72386.44000000,72597.71000000,72302.83000000,72514.10000000,222.76728601,16144290.18218094,11484
1789228800000,72514.10000000,72623.92000000,72454.01000000,72563.83000000,265.61677932,19269767.56666353,16736
1789230600000,72563.83000000,72702.90000000,72522.47000000,72661.54000000,251.77906733,18286453.49987389,2035
1789232400000,72661.54000000,72852.47000000,72587.25000000,72778.19000000,79.95878004,5816145.94803979,2979
1789234200000,72778.19000000,73023.98000000,72692.29000000,72938.08000000,266.31101563,19410021.11602295,2806
1789236000000,72938.08000000,73071.94000000,72707.98000000,72841.84000000,143.52053950,10458904.09532636,1616
1789237800000,72841.84000000,73097.57000000,72832.52000000,73041.69000000,142.48535028,10400090.40026475,7463
1789239600000,73041.69000000,73375.89000000,72992.00000000,73326.20000000,272.19613695,19933294.88283780,12602
1789241400000,73326.20000000,73372.30000000,72869.95000000,72916.05000000,186.58399169,13630477.13324212,19439
1789243200000,72916.05000000,73102.82000000,72901.33000000,73085.18000000,413.86044162,30224135.22829306,4589
1789245000000,73085.18000000,73099.43000000,72933.84000000,72981.33000000,398.17325506,29068585.36251530,1629
1789246800000,72981.33000000,73417.72000000,72880.96000000,73317.35000000,194.23285168,14218882.60389876,10540
1789248600000,73317.35000000,73505.62000000,73209.05000000,73397.32000000,120.57979154,8847019.05880822,1487
1789250400000,73397.32000000,73541.39000000,73263.28000000,73407.36000000,382.39160479,28069078.05547315,1425
1789252200000,73407.36000000,73737.53000000,73368.98000000,73699.15000000,244.18145732,17972216.41941807,13825
1789254000000,73699.15000000,73770.65000000,73692.80000000,73763.74000000,129.78134161,9570386.97908287,3411
1789255800000,73763.74000000,73920.09000000,73556.38000000,73712.73000000,235.11792098,17335181.31304771,4285
1789257600000,73712.73000000,73892.22000000,73680.57000000,73860.07000000,155.39335936,11469732.04306660,4821
1789259400000,73860.07000000,73981.75000000,73822.66000000,73944.35000000,184.57081939,13642783.61755528,4388
1789261200000,73944.35000000,74014.40000000,73775.94000000,73846.00000000,307.75878706,22736843.65246294,1775
1789263000000,73846.00000000,73974.02000000,73838.62000000,73971.45000000,162.23102008,11993419.89575535,3153
1789264800000,73971.45000000,74258.07000000,73830.99000000,74117.61000000,246.56888913,18263084.44237763,14402
1789266600000,74117.61000000,74177.50000000,74029.14000000,74089.02000000,123.53323169,9153633.74879685,10334
1789268400000,74089.02000000,74227.13000000,73695.02000000,73833.13000000,177.71969519,13136760.08291690,2611
1789270200000,73833.13000000,73980.79000000,73444.54000000,73592.21000000,118.84225656,8755407.70337955,833
1789272000000,73592.21000000,73624.95000000,73485.81000000,73518.56000000,142.02187159,10444729.61034360,2206
1789273800000,73518.56000000,73559.62000000,73455.60000000,73496.67000000,129.98759987,9554604.02878177,7159
1789275600000,73496.67000000,73531.80000000,73414.72000000,73449.85000000,150.30940043,11042548.56153379,11071
1789277400000,73449.85000000,73655.88000000,73352.11000000,73558.14000000,146.57094607,10776195.27379269,7872
1789279200000,73558.14000000,73672.61000000,73509.04000000,73623.51000000,143.58177010,10567865.42511415,5366
1789281000000,73623.51000000,73729.49000000,73396.26000000,73502.24000000,121.46249500,8932675.15868625,4592
1789282800000,73502.24000000,73533.81000000,73454.38000000,73485.95000000,186.87228079,13733501.27702612,1894
1789284600000,73485.95000000,73493.32000000,73405.65000000,73434.40000000,174.70950830,12831444.70472029,18997
1789286400000,73434.40000000,73624.14000000,73292.07000000,73481.81000000,122.10441916,8970524.12328675,1446
1789288200000,73481.81000000,73647.53000000,73302.38000000,73468.10000000,421.21789555,30948004.36444015,51561
1789290000000,73468.10000000,73624.40000000,73158.51000000,73314.81000000,177.86304290,13049083.54160323,4892
1789291800000,73314.81000000,73444.89000000,73247.34000000,73377.42000000,163.34011158,11982067.10890986,783
1789293600000,73377.42000000,73433.40000000,73289.56000000,73345.54000000,269.32183548,19756416.63763412,3393
1789295400000,73345.54000000,73514.43000000,73070.17000000,73239.06000000,253.68892293,18588942.57476173,26378
1789297200000,73239.06000000,73544.29000000,73122.44000000,73427.67000000,162.88401474,11949953.44566314,4878
1789299000000,73427.67000000,73585.34000000,73346.46000000,73504.13000000,141.36493242,10387303.43522798,11908
1789300800000,73504.13000000,73608.38000000,73265.50000000,73369.76000000,177.38423004,13022583.05518637,10770
1789302600000,73369.76000000,73526.61000000,73284.29000000,73441.14000000,288.53032801,21183130.78742861,2802
1789304400000,73441.14000000,73531.31000000,73155.51000000,73245.67000000,207.86493339,15238750.54964250,858
1789306200000,73245.67000000,73753.57000000,73079.63000000,73587.53000000,159.26936642,11702090.13167843,11646
1789308000000,73587.53000000,73891.39000000,73454.65000000,73758.50000000,226.31747757,16679940.08798097,1037
1789309800000,73758.50000000,73782.52000000,73519.62000000,73534.73000000,232.65541247,17126297.88007815,2330
1789311600000,73534.73000000,73764.58000000,73116.29000000,73346.13000000,372.67225012,27357497.53175084,50888
1789313400000,73346.13000000,73564.68000000,73204.93000000,73423.47000000,220.84871420,16209786.32180337,12156
1789315200000,73423.47000000,73582.36000000,73336.96000000,73495.86000000,123.73965790,9091366.54289779,10366
1789317000000,73495.86000000,73672.49000000,73190.66000000,73367.29000000,461.75497566,33897500.14950326,15288
1789318800000,73367.29000000,73454.58000000,73358.71000000,73424.34000000,284.18447089,20862705.15289199,11182
1789320600000,73424.34000000,73469.22000000,73369.40000000,73414.28000000,150.49785749,11049196.49471188,10968
1789322400000,73414.28000000,73500.66000000,73400.39000000,73494.24000000,208.91235442,15347766.33152363,17811
1789324200000,73494.24000000,73697.40000000,73344.37000000,73547.53000000,246.60852607,18133066.93910427,2090
1789326000000,73547.53000000,73623.95000000,73518.74000000,73595.17000000,153.70224503,11309301.40650249,9659
1789327800000,73595.17000000,74021.81000000,73453.80000000,73880.44000000,122.69733202,9053265.61845475,713
1789329600000,73880.44000000,74139.93000000,73731.45000000,73990.93000000,270.76151208,20023924.84693395,1242
1789331400000,73990.93000000,74223.46000000,73819.21000000,74051.73000000,191.32151276,14163812.17979798,8034
1789333200000,74051.73000000,74180.92000000,73894.24000000,74023.43000000,225.97288322,16729419.50888472,27835
1789335000000,74023.43000000,74101.82000000,73958.33000000,74036.73000000,194.68121988,14412697.71497686,13362
1789336800000,74036.73000000,74037.59000000,73985.77000000,73991.94000000,280.88361617,20786820.63875392,1895
1789338600000,73991.94000000,74227.33000000,73897.35000000,74132.73000000,116.96352933,8665336.79637996,4515
1789340400000,74132.73000000,74168.65000000,74019.26000000,74055.17000000,171.98575200,12740880.49290112,13800
1789342200000,74055.17000000,74123.55000000,73971.15000000,74039.53000000,170.18786344,12601516.62226835,6284
1789344000000,74039.53000000,74052.14000000,74007.53000000,74015.75000000,89.38984338,6617095.84986776,6407
1789345800000,74015.75000000,74115.57000000,73978.50000000,74078.32000000,138.48593951,10255917.75363149,3920
1789347600000,74078.32000000,74146.51000000,74053.04000000,74121.22000000,146.82024680,10880396.33221610,13689
1789349400000,74121.22000000,74230.80000000,74073.97000000,74183.55000000,274.60783052,20365678.73607107,16628
1789351200000,74183.55000000,74339.55000000,74065.14000000,74221.14000000,143.94370298,10681861.92539028,4698
1789353000000,74221.14000000,74436.24000000,74093.13000000,74308.23000000,198.54303382,14747617.99136260,4536
1789354800000,74308.23000000,74316.13000000,74178.76000000,74193.83000000,84.96717490,6307077.16242247,966
1789356600000,74193.83000000,74302.34000000,74047.17000000,74155.67000000,209.86287704,15565192.22030316,24365
1789358400000,74155.67000000,74446.47000000,74024.28000000,74315.07000000,180.41100559,13397671.50191093,10850
1789360200000,74315.07000000,74357.20000000,74224.85000000,74266.98000000,141.64072316,10521499.58833208,4398
1789362000000,74266.98000000,74441.44000000,74078.53000000,74252.99000000,378.23197877,28086618.90527830,7268
1789363800000,74252.99000000,74560.12000000,74219.26000000,74526.39000000,218.44637774,16260112.79199144,4757
1789365600000,74526.39000000,74567.71000000,74432.61000000,74473.93000000,303.16613741,22583275.10845275,2205
1789367400000,74473.93000000,74518.16000000,74051.03000000,74066.01000000,123.01793606,9129374.43157264,6248
1789369200000,74066.01000000,74261.12000000,73850.37000000,74045.48000000,89.72510688,6644352.72160124,6120
1789371000000,74045.48000000,74473.45000000,73904.71000000,74332.67000000,284.43561386,21115629.95332957,28118
1789372800000,74332.67000000,74566.88000000,74224.91000000,74459.11000000,234.82492955,17474958.94355214,11591
1789374600000,74459.11000000,74709.62000000,74302.18000000,74552.68000000,471.85292150,35163184.18033031,5192
1789376400000,74552.68000000,74564.45000000,74390.36000000,74394.77000000,105.45678699,7851243.22288668,918
1789378200000,74394.77000000,74556.54000000,74305.07000000,74466.84000000,108.48322659,8075797.02260160,4435
1789380000000,74466.84000000,75175.73000000,74322.65000000,75031.55000000,223.22065070,16706572.49885621,9301
1789381800000,75031.55000000,75056.43000000,74947.80000000,74972.69000000,83.79128906,6283702.10649715,2329
1789383600000,74972.69000000,75102.76000000,74917.94000000,75048.01000000,355.17915353,26646570.45690013,45027
1789385400000,75048.01000000,75166.57000000,74991.91000000,75110.47000000,168.67567604,12665797.56681255,4217
1789387200000,75110.47000000,75156.36000000,74910.33000000,74956.22000000,271.06323715,20331812.31303500,2808
1789389000000,74956.22000000,75154.30000000,74724.34000000,74922.42000000,59.76592772,4478481.04823685,458
1789390800000,74922.42000000,75200.48000000,74727.56000000,75005.62000000,185.39170352,13900277.81820437,1975
1789392600000,75005.62000000,75180.78000000,74431.39000000,74606.55000000,272.50129995,20366631.60832158,8731
1789394400000,74606.55000000,74686.30000000,74474.99000000,74554.74000000,182.22953925,13589222.88388179,26081
1789396200000,74554.74000000,74792.13000000,74538.33000000,74785.62000000,175.81609063,13134404.70023731,5081
1789398000000,74785.62000000,74938.41000000,74575.15000000,74727.94000000,240.69395122,17991190.51417679,3400
1789399800000,74727.94000000,74915.78000000,74237.63000000,74425.47000000,102.31045551,7624819.12383630,4271
1789401600000,74425.47000000,74447.71000000,74331.61000000,74332.25000000,117.48284421,8737260.69935243,454
1789403400000,74332.25000000,74748.41000000,74177.34000000,74593.51000000,153.12819025,11409033.34078209,7690
1789405200000,74593.51000000,74628.99000000,74402.49000000,74437.98000000,113.79906340,8476871.87217519,6500
1789407000000,74437.98000000,74695.48000000,74413.87000000,74676.38000000,213.36356433,15915906.19939066,1974
1789408800000,74676.38000000,75055.32000000,74487.93000000,74866.87000000,169.20569018,12657156.50352972,1505
1789410600000,74866.87000000,75089.93000000,74809.53000000,75032.59000000,139.00194195,10421997.34904100,13773
1789412400000,75032.59000000,75278.63000000,74937.79000000,75183.83000000,111.02375006,8341593.97439149,1538
1789414200000,75183.83000000,75623.25000000,75070.89000000,75510.30000000,113.42068409,8552087.14460000,463
1789416000000,75510.30000000,75540.10000000,75389.98000000,75419.79000000,113.97074211,8599087.55349630,2039
1789417800000,75419.79000000,75509.05000000,75181.93000000,75271.19000000,177.50906141,13370111.12013038,4636
1789419600000,75271.19000000,75286.97000000,75083.16000000,75097.61000000,189.89055999,14271398.55364492,2819
1789421400000,75097.61000000,75481.40000000,75017.65000000,75401.44000000,254.26352288,19146084.22489841,4553
1789423200000,75401.44000000,75764.25000000,75276.48000000,75639.29000000,66.23048218,5004375.46474868,805
1789425000000,75639.29000000,75997.20000000,75574.08000000,75932.00000000,129.01972880,9784137.20667931,14382
1789426800000,75932.00000000,76013.99000000,75837.32000000,75919.31000000,161.87572306,12290178.07908715,9251
1789428600000,75919.31000000,76028.08000000,75847.61000000,75956.38000000,300.29097185,22805304.89994360,25544
1789430400000,75956.38000000,76035.27000000,75684.72000000,75763.61000000,181.84271061,13788745.25265588,5146
1789432200000,75763.61000000,75796.35000000,75510.31000000,75543.05000000,203.56257579,15392704.30281587,2254
1789434000000,75543.05000000,75834.71000000,75370.48000000,75662.14000000,255.63067693,19331415.78918133,1118
1789435800000,75662.14000000,76059.76000000,75504.02000000,75901.65000000,104.25027031,7904444.06762925,836
1789437600000,75901.65000000,75953.29000000,75788.13000000,75839.77000000,336.41582942,25520637.91346946,46694
1789439400000,75839.77000000,76008.88000000,75792.42000000,75961.52000000,131.54118285,9986730.04023993,10799
1789441200000,75961.52000000,76046.52000000,75837.67000000,75922.67000000,260.14859799,19754545.84832986,1338
1789443000000,75922.67000000,75974.86000000,75840.51000000,75892.70000000,222.49024019,16887607.59333713,1090
1789444800000,75892.70000000,76026.66000000,75789.76000000,75923.73000000,122.86817320,9327339.14591712,3530
1789446600000,75923.73000000,76040.75000000,75869.80000000,75986.82000000,140.61661507,10682052.15757610,9527
1789448400000,75986.82000000,76073.89000000,75959.47000000,76046.55000000,164.98433345,12543204.07729468,5511
1789450200000,76046.55000000,76185.82000000,75977.89000000,76117.17000000,139.44399377,10610799.10695924,3559
1789452000000,76117.17000000,76137.16000000,76104.51000000,76129.21000000,217.92827755,16589490.83817970,3311
1789453800000,76129.21000000,76227.20000000,75968.90000000,76066.89000000,167.71331740,12760914.87282424,15494
1789455600000,76066.89000000,76215.52000000,75732.22000000,75880.85000000,253.69075218,19266001.65704505,4217
1789457400000,75880.85000000,76098.81000000,75778.92000000,75996.89000000,142.07492938,10791757.03310387,2713
1789459200000,75996.89000000,76092.21000000,75654.15000000,75749.48000000,170.30813211,12914797.55591209,15085
1789461000000,75749.48000000,75776.92000000,75666.15000000,75693.59000000,306.45458777,23202356.65817390,5209
1789462800000,75693.59000000,75710.78000000,75689.99000000,75705.76000000,126.34742992,9564775.24768577,15219
1789464600000,75705.76000000,75789.19000000,75672.01000000,75755.44000000,152.42112526,11544205.28069594,4841
1789466400000,75755.44000000,75793.67000000,75688.34000000,75726.58000000,34.87163918,2641045.40421254,150
1789468200000,75726.58000000,75785.84000000,75641.29000000,75700.55000000,140.25546398,10618632.48124221,12392
1789470000000,75700.55000000,75904.96000000,75652.85000000,75857.26000000,101.07725408,7662163.53489028,1420
1789471800000,75857.26000000,76049.71000000,75786.40000000,75978.85000000,38.55098833,2927497.31358582,279
1789473600000,75978.85000000,76128.96000000,75870.89000000,76021.00000000,146.79604444,11157519.89031264,1248
1789475400000,76021.00000000,76204.22000000,75906.81000000,76090.03000000,122.57960205,9324265.09754635,11552
1789477200000,76090.03000000,76134.20000000,76025.92000000,76070.09000000,162.70993244,12378440.72669057,1415
1789479000000,76070.09000000,76290.47000000,76058.40000000,76275.12000000,218.38170005,16642431.78535824,3792
1789480800000,76275.12000000,76517.24000000,76176.75000000,76418.87000000,327.90818386,25042660.53922030,30955
1789482600000,76418.87000000,76487.86000000,76351.32000000,76420.32000000,105.52336011,8064077.77966025,1813
1789484400000,76420.32000000,76543.06000000,76276.18000000,76398.92000000,290.25897083,22177542.33653501,17512
1789486200000,76398.92000000,76714.10000000,76181.62000000,76496.80000000,267.45813186,20450965.17150065,39229
1789488000000,76496.80000000,76684.26000000,76404.94000000,76592.40000000,132.73358931,10162154.44445092,5217
1789489800000,76592.40000000,76733.57000000,76546.72000000,76687.88000000,84.93411011,6510713.88257349,9650
1789491600000,76687.88000000,76698.31000000,76622.49000000,76640.39000000,161.19342802,12356077.59821537,11845
1789493400000,76640.39000000,76748.25000000,76609.59000000,76717.46000000,176.83042783,13561438.13985582,11268
1789495200000,76717.46000000,77095.33000000,76552.78000000,76930.65000000,175.12627187,13460132.34284056,7731
1789497000000,76930.65000000,76975.39000000,76850.46000000,76895.21000000,228.15867292,17547003.67559615,1015
1789498800000,76895.21000000,76961.60000000,76697.82000000,76764.22000000,136.20447574,10461576.94990585,11809
1789500600000,76764.22000000,76989.51000000,76652.73000000,76878.02000000,66.12361419,5080944.32477704,4282
1789502400000,76878.02000000,76984.22000000,76876.69000000,76980.92000000,108.51488197,8349924.88059575,718
1789504200000,76980.92000000,77097.54000000,76743.21000000,76859.82000000,96.78269976,7442607.82883848,2151
1789506000000,76859.82000000,77226.54000000,76804.25000000,77170.97000000,106.90703786,8239031.98110750,11207
1789507800000,77170.97000000,77537.99000000,77055.23000000,77422.26000000,237.87001250,18396508.61967191,8454
1789509600000,77422.26000000,77575.20000000,77290.41000000,77443.36000000,154.43028679,11958513.94436795,6690
1789511400000,77443.36000000,77736.42000000,77383.58000000,77676.63000000,261.52148895,20293773.68722323,22726
1789513200000,77676.63000000,77899.57000000,77502.57000000,77725.50000000,132.81564490,10320999.45868736,652
1789515000000,77725.50000000,77875.58000000,77524.42000000,77674.50000000,318.41537436,24738168.41355628,21568
1789516800000,77674.50000000,77957.44000000,77532.77000000,77815.71000000,50.89358110,3957924.46388936,1385
1789518600000,77815.71000000,78000.28000000,77391.23000000,77575.81000000,190.26804903,14775412.41894052,14337
1789520400000,77575.81000000,77683.26000000,77391.00000000,77498.46000000,184.19935196,14279915.37795463,737
1789522200000,77498.46000000,77756.65000000,77445.55000000,77703.74000000,256.20377230,19890459.96815699,33491
1789524000000,77703.74000000,77748.72000000,77657.80000000,77702.79000000,177.20428097,13769322.68179806,5797
1789525800000,77702.79000000,78035.52000000,77535.87000000,77868.60000000,129.40465589,10069407.42267231,2178
1789527600000,77868.60000000,78028.39000000,77833.45000000,77993.23000000,148.19002694,11551663.17274626,726
1789529400000,77993.23000000,78077.65000000,77852.04000000,77936.45000000,116.69671073,9097136.37750348,12541
1789531200000,77936.45000000,78139.92000000,77784.11000000,77987.57000000,183.26060544,14288927.02171019,9694
1789533000000,77987.57000000,78267.05000000,77982.14000000,78248.49000000,138.86307597,10854355.91618533,926
1789534800000,78248.49000000,78257.97000000,78234.83000000,78235.77000000,252.07203998,19722836.05844156,4946
1789536600000,78235.77000000,78298.52000000,78134.94000000,78197.69000000,145.00773101,11341109.80444622,21552
1789538400000,78197.69000000,78210.77000000,78193.07000000,78200.77000000,168.18985772,13152704.94107905,2322
1789540200000,78200.77000000,78260.63000000,78155.69000000,78215.56000000,222.88457990,17431942.65461669,30469
1789542000000,78215.56000000,78271.39000000,78205.80000000,78268.07000000,250.00784177,19562718.29459171,18791
1789543800000,78268.07000000,78273.41000000,78249.91000000,78258.11000000,131.18761244,10266805.20779632,3425
1789545600000,78258.11000000,78350.35000000,78103.21000000,78195.45000000,146.00772249,11420189.13291054,855
1789547400000,78195.45000000,78362.22000000,78179.46000000,78352.84000000,98.54185542,7715647.45945445,10330
1789549200000,78352.84000000,78353.96000000,78327.58000000,78345.25000000,83.53044517,6543964.00155987,571
1789551000000,78345.25000000,78473.56000000,78151.63000000,78279.94000000,140.86655848,11030092.34455613,2741
1789552800000,78279.94000000,78380.42000000,78049.98000000,78150.46000000,211.69098367,16552884.11155645,1386
1789554600000,78150.46000000,78155.94000000,77784.43000000,77796.35000000,125.27434136,9760404.57267697,3156
1789556400000,77796.35000000,77947.71000000,77647.44000000,77798.80000000,172.39838155,13412246.47387307,16875
1789558200000,77798.80000000,77934.67000000,77779.85000000,77915.72000000,177.30743537,13808126.19512393,10870
1789560000000,77915.72000000,77952.60000000,77720.73000000,77757.61000000,307.36612167,23916254.73417128,3598
1789561800000,77757.61000000,77891.50000000,77714.83000000,77848.72000000,214.67507934,16705660.13885288,22488
1789563600000,77848.72000000,77875.92000000,77839.47000000,77853.86000000,92.84264407,7228395.50253935,7326
1789565400000,77853.86000000,77964.97000000,77596.37000000,77707.48000000,169.65798275,13191972.66119139,8920
1789567200000,77707.48000000,77763.14000000,77572.88000000,77628.54000000,187.54308578,14563630.57095620,6226
1789569000000,77628.54000000,77832.04000000,77476.27000000,77679.77000000,126.92506796,9857342.12885351,9084
1789570800000,77679.77000000,77930.29000000,77594.26000000,77844.78000000,167.01204697,12991829.17538408,1643
1789572600000,77844.78000000,78194.01000000,77649.84000000,77999.08000000,137.11076159,10687460.92186591,5112
1789574400000,77999.08000000,78127.81000000,77779.75000000,77908.48000000,73.58268482,5734937.19012296,6165
1789576200000,77908.48000000,78098.22000000,77538.24000000,77727.98000000,228.29024009,17758275.12440904,2563
1789578000000,77727.98000000,78265.51000000,77521.97000000,78059.49000000,167.26463824,13038109.72809883,2429
1789579800000,78059.49000000,78425.54000000,77865.90000000,78231.95000000,91.45738796,7149632.25730610,1573
1789581600000,78231.95000000,78425.69000000,78036.23000000,78229.97000000,175.94952286,13764641.37527102,23319
1789583400000,78229.97000000,78460.71000000,78114.78000000,78345.53000000,169.27561342,13255466.79460847,1943
1789585200000,78345.53000000,78551.30000000,78073.38000000,78279.15000000,473.38456678,37066616.82622952,14846
1789587000000,78279.15000000,78571.40000000,78064.16000000,78356.41000000,175.45485324,13743493.81159434,2328
1789588800000,78356.41000000,78596.73000000,78289.56000000,78529.89000000,373.54203341,29312613.25273201,1943
1789590600000,78529.89000000,78550.74000000,78424.46000000,78428.49000000,206.98154497,16241406.59543143,14893
1789592400000,78428.49000000,78588.55000000,78296.94000000,78457.00000000,155.86164535,12226956.30019742,2239
1789594200000,78457.00000000,78641.81000000,77943.22000000,78128.03000000,580.62492555,45426750.04369975,35835
1789596000000,78128.03000000,78165.37000000,78120.97000000,78145.45000000,142.99473830,11174170.41503366,15300
1789597800000,78145.45000000,78239.11000000,78078.61000000,78172.28000000,192.38304914,15037300.31523500,952
1789599600000,78172.28000000,78377.97000000,78102.10000000,78307.80000000,233.17135650,18248601.96132074,15236
1789601400000,78307.80000000,78418.00000000,78260.78000000,78370.98000000,100.50961460,7874920.31910510,3005
1789603200000,78370.98000000,78371.35000000,78350.79000000,78358.35000000,123.39333145,9669121.61663602,1101
1789605000000,78358.35000000,78565.98000000,78321.06000000,78528.70000000,153.87324919,12074728.50159140,13597
1789606800000,78528.70000000,78654.98000000,78412.28000000,78538.55000000,149.45847260,11737761.38288193,5757
1789608600000,78538.55000000,78660.11000000,78494.21000000,78615.77000000,68.45608274,5379965.75644822,2981
1789610400000,78615.77000000,78862.06000000,78615.72000000,78845.85000000,120.67377901,9506021.52245126,2069
1789612200000,78845.85000000,78962.94000000,78791.14000000,78908.24000000,387.55917030,30573550.82506819,13520
1789614000000,78908.24000000,79028.56000000,78800.64000000,78920.96000000,206.62525715,16306187.10202140,14714
1789615800000,78920.96000000,79011.50000000,78724.80000000,78815.35000000,174.36872109,13749069.60011353,962
1789617600000,78815.35000000,79029.66000000,78813.40000000,79014.76000000,367.70627772,29031369.11129169,22565
1789619400000,79014.76000000,79247.98000000,79013.29000000,79241.78000000,133.56085004,10573702.79720948,903
1789621200000,79241.78000000,79388.63000000,79098.36000000,79245.21000000,103.29984414,8185899.81706196,1144
1789623000000,79245.21000000,79461.20000000,79212.73000000,79428.72000000,142.97484764,11347563.75530714,4627
1789624800000,79428.72000000,79700.29000000,79401.42000000,79672.98000000,244.27784536,19442455.36124251,8612
1789626600000,79672.98000000,79733.63000000,79630.05000000,79690.70000000,243.38191539,19393837.69517047,21136
1789628400000,79690.70000000,79713.15000000,79560.65000000,79579.80000000,223.90767483,17827051.07124062,1170
1789630200000,79579.80000000,79830.82000000,79513.02000000,79764.04000000,357.89043389,28524808.53958594,2027
1789632000000,79764.04000000,79795.73000000,79723.26000000,79736.91000000,208.67374032,16642141.13564615,6934
1789633800000,79736.91000000,79865.77000000,79567.33000000,79696.19000000,262.14944326,20895870.00473569,23457
1789635600000,79696.19000000,79901.49000000,79513.17000000,79718.47000000,101.14037011,8062004.32764416,5122
1789637400000,79718.47000000,80204.96000000,79640.84000000,80127.33000000,111.01359313,8880092.88336652,9148
1789639200000,80127.33000000,80484.11000000,80085.87000000,80442.65000000,231.77751081,18620435.87825562,5334
1789641000000,80442.65000000,80644.15000000,80297.10000000,80498.59000000,198.54275022,15978709.95618085,2811
1789642800000,80498.59000000,80646.09000000,80378.07000000,80525.56000000,66.52156604,5356088.28829435,5262
1789644600000,80525.56000000,80734.80000000,80164.52000000,80373.77000000,139.59911624,11227170.05150311,1607
1789646400000,80373.77000000,80646.81000000,80133.73000000,80406.77000000,218.78418872,17589323.49880895,24746
1789648200000,80406.77000000,80578.54000000,80206.26000000,80378.03000000,302.17754660,24291330.34664829,1253
1789650000000,80378.03000000,80609.88000000,80207.76000000,80439.61000000,350.36337241,28175900.38466660,6403
1789651800000,80439.61000000,80670.19000000,80373.73000000,80604.31000000,221.69791429,17857636.27336101,13618
1789653600000,80604.31000000,80926.82000000,80549.33000000,80871.83000000,160.11647752,12934634.84211421,9580
1789655400000,80871.83000000,80933.30000000,80691.12000000,80752.59000000,225.06982554,18183917.20032474,1382
1789657200000,80752.59000000,80805.74000000,80750.97000000,80781.49000000,250.69423406,20250929.93771489,4659
1789659000000,80781.49000000,80905.55000000,80731.90000000,80855.95000000,219.80688150,17767239.48491742,2295
1789660800000,80855.95000000,81209.84000000,80779.75000000,81133.64000000,122.79880860,9951747.49679719,1699
1789662600000,81133.64000000,81372.92000000,80842.14000000,81081.43000000,164.78489809,13363862.33402017,896
1789664400000,81081.43000000,81498.57000000,81065.84000000,81491.64000000,107.36794292,8734598.55059806,1111
1789666200000,81491.64000000,81735.65000000,81341.50000000,81585.52000000,257.41856590,20993571.34312173,2002
1789668000000,81585.52000000,81860.52000000,81427.65000000,81702.66000000,196.76823360,16068804.94614426,1479
1789669800000,81702.66000000,81937.16000000,81659.80000000,81915.53000000,290.27405821,23755301.73328545,4689
1789671600000,81915.53000000,82086.33000000,81734.64000000,81905.44000000,149.99383783,12285816.05858257,4436
1789673400000,81905.44000000,81998.79000000,81634.63000000,81727.97000000,133.78172377,10941623.09703250,1013
1789675200000,81727.97000000,81831.50000000,81291.24000000,81394.77000000,220.92494686,18006672.30236934,5461
1789677000000,81394.77000000,81558.32000000,81012.83000000,81176.39000000,202.51916948,16454516.25590998,3104
1789678800000,81176.39000000,81429.22000000,81103.61000000,81356.44000000,104.95313316,8532314.09919436,515
1789680600000,81356.44000000,81439.66000000,80934.96000000,81018.19000000,133.20099525,10806721.50561946,676
1789682400000,81018.19000000,81065.56000000,80747.61000000,80794.98000000,208.39071971,16852428.63066101,1636
1789684200000,80794.98000000,80880.06000000,80742.17000000,80827.24000000,292.01733775,23599815.98013589,39837
1789686000000,80827.24000000,80919.25000000,80701.67000000,80793.68000000,133.38315193,10778007.61154961,837
1789687800000,80793.68000000,81028.38000000,80760.76000000,80995.46000000,124.54706230,10079369.72582411,3740
1789689600000,80995.46000000,81066.11000000,80945.83000000,81016.48000000,90.31334774,7316236.91056719,691
1789691400000,81016.48000000,81092.69000000,80953.26000000,81029.47000000,306.25374120,24814251.54322237,10114
1789693200000,81029.47000000,81034.19000000,80975.12000000,80987.18000000,162.91081046,13195585.29703104,1289
1789695000000,80987.18000000,81345.42000000,80927.22000000,81285.46000000,203.71984652,16539206.19120786,8628
1789696800000,81285.46000000,81349.96000000,81201.74000000,81266.24000000,162.67372322,13220923.97415513,11860
1789698600000,81266.24000000,81268.54000000,81088.57000000,81103.15000000,191.77474341,15563176.05312650,6488
1789700400000,81103.15000000,81179.13000000,80889.72000000,80965.69000000,181.40086582,14695558.52367948,1251
1789702200000,80965.69000000,81049.58000000,80803.47000000,80887.35000000,119.10076152,9636855.42609785,1996
1789704000000,80887.35000000,80998.81000000,80689.83000000,80801.28000000,250.85358621,20276488.37845913,9203
1789705800000,80801.28000000,80942.98000000,80703.83000000,80845.53000000,175.47392806,14183694.01578302,1526
1789707600000,80845.53000000,80918.80000000,80503.04000000,80576.31000000,121.55376498,9805262.16781078,11814
1789709400000,80576.31000000,80640.45000000,80539.87000000,80637.66000000,184.14351135,14843071.27125798,3113
1789711200000,80637.66000000,80924.60000000,80501.26000000,80788.20000000,184.82551893,14922446.33422015,1845
1789713000000,80788.20000000,80930.95000000,80534.99000000,80677.74000000,98.94765858,7986516.89577578,962
1789714800000,80677.74000000,80725.80000000,80642.25000000,80690.30000000,63.24913786,5103327.19317441,410
1789716600000,80690.30000000,80814.25000000,80571.05000000,80695.00000000,125.62922594,10137453.51335214,2369
1789718400000,80695.00000000,80869.30000000,80493.05000000,80667.36000000,192.53260601,15532870.36560380,19330
1789720200000,80667.36000000,80737.82000000,80547.40000000,80617.86000000,241.83413636,19500139.77956395,6762
1789722000000,80617.86000000,80766.78000000,80614.76000000,80763.90000000,221.66426553,17891663.97723009,2273
1789723800000,80763.90000000,80990.64000000,80702.20000000,80928.94000000,283.08810188,22894445.91883136,25758
1789725600000,80928.94000000,81221.14000000,80803.90000000,81096.10000000,199.68996506,16182950.81464876,1458
1789727400000,81096.10000000,81255.15000000,81060.41000000,81219.46000000,241.20197512,19580375.71927015,1356
1789729200000,81219.46000000,81376.67000000,81184.47000000,81341.69000000,101.19085203,8226911.65289844,4552
1789731000000,81341.69000000,81413.41000000,81333.81000000,81403.82000000,148.56896285,12091089.13528896,8715
1789732800000,81403.82000000,81448.53000000,81185.23000000,81229.94000000,172.43012877,14016482.91315912,3102
1789734600000,81229.94000000,81244.89000000,81181.56000000,81214.56000000,493.43843132,40073945.27716540,35648
1789736400000,81214.56000000,81364.08000000,81161.93000000,81311.45000000,226.32841797,18395782.36220505,5583
1789738200000,81311.45000000,81555.62000000,81192.97000000,81437.14000000,199.57951510,16244822.84392431,27868
1789740000000,81437.14000000,81721.03000000,81292.39000000,81576.28000000,232.42715207,18949762.08942163,22184
1789741800000,81576.28000000,82074.31000000,81479.52000000,81977.55000000,105.90037125,8667288.40212373,906
1789743600000,81977.55000000,81981.12000000,81822.57000000,81829.14000000,260.63439921,21340121.22929107,6290
1789745400000,81829.14000000,81914.13000000,81787.45000000,81872.44000000,188.30733398,15414462.78488073,2884
1789747200000,81872.44000000,82010.26000000,81686.07000000,81823.89000000,74.31613415,6082037.78769451,5968
1789749000000,81823.89000000,81979.14000000,81731.26000000,81886.51000000,208.45017512,17064905.99945528,1076
1789750800000,81886.51000000,81999.31000000,81817.35000000,81930.15000000,91.24282408,7474210.90130438,5578
1789752600000,81930.15000000,82036.05000000,81885.01000000,81990.91000000,160.76445544,13177968.32967146,2141
1789754400000,81990.91000000,82094.21000000,81786.49000000,81889.79000000,112.39414636,9207721.49005860,8146
1789756200000,81889.79000000,82072.31000000,81800.12000000,81982.64000000,123.67986881,10135774.15535336,904
1789758000000,81982.64000000,82387.39000000,81812.45000000,82217.21000000,127.76080900,10494147.43329996,551
1789759800000,82217.21000000,82434.56000000,81818.83000000,82036.18000000,73.61524958,6043556.21134867,6134
1789761600000,82036.18000000,82213.74000000,81769.77000000,81947.32000000,153.75937823,12604723.87982458,15219
1789763400000,81947.32000000,82390.42000000,81776.03000000,82219.12000000,240.10494314,19719464.50058117,1202
1789765200000,82219.12000000,82494.32000000,82078.18000000,82353.38000000,135.56842239,11158450.56765742,890
1789767000000,82353.38000000,82468.36000000,82139.55000000,82254.54000000,164.49081307,13535534.96752264,20100
1789768800000,82254.54000000,82295.35000000,82186.18000000,82214.43000000,141.95295087,11673073.27186160,13611
1789770600000,82214.43000000,82573.61000000,82053.70000000,82412.88000000,250.90718438,20661387.06001741,29759
1789772400000,82412.88000000,82473.83000000,82367.44000000,82428.38000000,223.80545698,18446765.51219634,27189
1789774200000,82428.38000000,82552.64000000,82424.19000000,82544.86000000,77.51240034,6395333.48065448,2484
1789776000000,82544.86000000,82573.37000000,82372.48000000,82400.99000000,221.99136463,18302954.67037749,26809
1789777800000,82400.99000000,82572.67000000,82352.66000000,82524.33000000,122.51801493,10105680.22739159,15584
1789779600000,82524.33000000,82603.91000000,82469.96000000,82549.54000000,269.79390509,22269096.23172943,33479
1789781400000,82549.54000000,82601.74000000,82446.34000000,82498.53000000,259.77372177,21435367.58256715,2231
1789783200000,82498.53000000,82578.19000000,82309.77000000,82389.44000000,214.01728387,17640546.03442096,8179
1789785000000,82389.44000000,82460.92000000,82241.69000000,82313.18000000,251.69027921,20723824.86293900,2981
1789786800000,82313.18000000,82489.23000000,82308.42000000,82484.72000000,162.51598478,13395778.79489469,13826
1789788600000,82484.72000000,82573.37000000,82430.91000000,82519.56000000,209.09691699,17252156.50886295,2743
1789790400000,82519.56000000,82629.33000000,82448.03000000,82557.81000000,148.39591293,12249349.13202067,2583
1789792200000,82557.81000000,82593.06000000,82496.89000000,82532.13000000,164.02225005,13538509.99050423,2838
1789794000000,82532.13000000,82603.02000000,82385.34000000,82456.23000000,168.66336485,13911613.13880645,1831
1789795800000,82456.23000000,82507.25000000,82384.85000000,82435.87000000,322.58898483,26595093.79145920,5024
1789797600000,82435.87000000,82573.64000000,82394.32000000,82532.09000000,159.74192808,13178711.60716492,1883
1789799400000,82532.09000000,82723.67000000,82432.06000000,82623.64000000,180.42736436,14902059.10502599,17239
1789801200000,82623.64000000,82732.74000000,82496.59000000,82605.69000000,197.98853266,16356164.27108260,8380
1789803000000,82605.69000000,83073.09000000,82552.17000000,83019.57000000,297.01853595,24617374.84299139,13610
1789804800000,83019.57000000,83101.95000000,83015.97000000,83100.22000000,112.60730053,9354594.08176798,8233
1789806600000,83100.22000000,83416.60000000,82933.44000000,83249.82000000,265.44810390,22085269.81923660,14920
1789808400000,83249.82000000,83290.98000000,83084.90000000,83126.06000000,173.94077719,14466186.97374124,19674
1789810200000,83126.06000000,83526.63000000,82994.44000000,83395.00000000,127.27438475,10602637.86062139,16134
1789812000000,83395.00000000,83494.35000000,83180.82000000,83280.17000000,110.49231478,9206048.51223374,515
1789813800000,83280.17000000,83568.18000000,83143.50000000,83431.51000000,379.81863697,31669682.59952562,44026
1789815600000,83431.51000000,83598.14000000,83389.41000000,83556.04000000,222.60430771,18590694.54181170,3653
1789817400000,83556.04000000,83732.77000000,83524.83000000,83711.87000000,194.34226942,16257991.54934827,28644
1789819200000,83711.87000000,83748.94000000,83669.82000000,83706.89000000,145.28399626,12161512.90391037,4157
1789821000000,83706.89000000,83813.58000000,83699.45000000,83805.60000000,91.72047176,7683687.88141789,6498
1789822800000,83805.60000000,83867.83000000,83612.37000000,83674.59000000,61.66610513,5162579.10374495,5275
1789824600000,83674.59000000,83887.04000000,83645.07000000,83885.09000000,104.90364520,8791527.00838971,3525
1789826400000,83885.09000000,83930.89000000,83750.70000000,83796.50000000,398.56230338,33409895.81813613,7212
1789828200000,83796.50000000,83820.74000000,83790.81000000,83810.12000000,185.18333287,15519701.03178624,6658
1789830000000,83810.12000000,84094.06000000,83684.87000000,83968.81000000,213.71462692,17934058.23077491,27043
1789831800000,83968.81000000,84136.55000000,83922.13000000,84089.87000000,55.67689769,4679616.22118512,6547
1789833600000,84089.87000000,84198.61000000,84008.51000000,84117.25000000,148.63548675,12501452.07524124,1738
1789835400000,84117.25000000,84504.22000000,84000.00000000,84386.97000000,187.15476307,15776597.42254376,3200
1789837200000,84386.97000000,84403.99000000,84310.54000000,84323.87000000,65.67303174,5539266.06228073,2948
1789839000000,84323.87000000,84357.51000000,84322.72000000,84346.85000000,140.28445003,11831921.32495685,2184
1789840800000,84346.85000000,84532.59000000,84306.47000000,84492.21000000,98.96160015,8356689.31670904,14078
1789842600000,84492.21000000,84580.16000000,84438.15000000,84526.10000000,187.42248457,15839974.36246899,15281
1789844400000,84526.10000000,84587.03000000,84432.80000000,84493.73000000,145.86301845,12326084.21083252,1731
1789846200000,84493.73000000,84520.81000000,84402.65000000,84429.72000000,228.42580531,19290801.12204371,2552
1789848000000,84429.72000000,84750.46000000,84320.61000000,84641.35000000,203.58967992,17217744.22005291,24582
1789849800000,84641.35000000,84836.63000000,84502.09000000,84697.37000000,336.13446515,28463428.10655435,11151
1789851600000,84697.37000000,84762.69000000,84598.56000000,84663.89000000,71.44318637,6049455.31159150,8025
1789853400000,84663.89000000,84802.38000000,84620.87000000,84759.36000000,76.83150552,6509743.96499248,10020
1789855200000,84759.36000000,84769.95000000,84713.78000000,84715.59000000,88.76825671,7521610.11615562,607
1789857000000,84715.59000000,84732.71000000,84638.55000000,84655.67000000,133.19602300,11278458.77695069,3336
1789858800000,84655.67000000,84814.47000000,84618.14000000,84776.93000000,147.54259480,12502244.90408608,2782
1789860600000,84776.93000000,84889.41000000,84606.79000000,84719.27000000,225.41489210,19101318.03969025,2928
1789862400000,84719.27000000,84899.33000000,84699.47000000,84888.86000000,153.37449800,13010639.30192043,3056
1789864200000,84888.86000000,84973.72000000,84795.27000000,84880.13000000,209.80417694,17808816.59760322,5029
1789866000000,84880.13000000,84936.12000000,84804.40000000,84860.38000000,185.31811013,15727385.84083530,21456
1789867800000,84860.38000000,85041.19000000,84753.95000000,84934.75000000,109.97846298,9338267.34882452,534
1789869600000,84934.75000000,84963.13000000,84897.45000000,84925.82000000,79.07196904,6715487.28817216,1191
1789871400000,84925.82000000,85026.96000000,84880.82000000,84981.95000000,233.73905411,19859227.91554952,2012
1789873200000,84981.95000000,85188.00000000,84875.99000000,85082.04000000,113.47619237,9650999.92181918,8709
1789875000000,85082.04000000,85259.81000000,84970.34000000,85148.11000000,187.03414030,15921484.67731197,23507
1789876800000,85148.11000000,85266.71000000,84936.78000000,85055.38000000,84.18878037,7163311.14107251,6490
1789878600000,85055.38000000,85100.30000000,84931.90000000,84976.81000000,112.61454565,9572574.54609613,18949
1789880400000,84976.81000000,85093.38000000,84819.22000000,84935.79000000,148.37322123,12604225.70178987,844
1789882200000,84935.79000000,85050.14000000,84829.46000000,84943.81000000,99.21064339,8427064.71583361,7547
1789884000000,84943.81000000,85129.12000000,84828.63000000,85013.94000000,165.72440746,14085010.85078122,3168
1789885800000,85013.94000000,85028.01000000,84989.60000000,85017.51000000,108.60924407,9233057.61565469,13225
1789887600000,85017.51000000,85324.29000000,84797.43000000,85104.20000000,144.05016168,12255111.38550931,1757
1789889400000,85104.20000000,85324.32000000,84856.05000000,85076.17000000,184.55704226,15703130.45427944,3180
1789891200000,85076.17000000,85261.42000000,84956.32000000,85141.57000000,165.61210451,14096864.15236343,8880
1789893000000,85141.57000000,85298.76000000,85016.64000000,85173.83000000,68.21991359,5809817.83084125,378
1789894800000,85173.83000000,85242.86000000,85029.92000000,85098.94000000,95.14097472,8098771.32884410,1156
1789896600000,85098.94000000,85288.56000000,84895.21000000,85084.83000000,127.82959592,10876960.56450308,11886
1789898400000,85084.83000000,85093.45000000,85051.27000000,85072.89000000,181.41719457,15433620.96023787,1004
1789900200000,85072.89000000,85175.63000000,84816.64000000,84919.38000000,206.88510089,17579141.00533677,915
1789902000000,84919.38000000,85007.65000000,84722.61000000,84810.88000000,108.49728237,9205673.86115100,11199
1789903800000,84810.88000000,85123.71000000,84672.55000000,84985.38000000,145.99480572,12398932.00471229,18736
1789905600000,84985.38000000,85140.16000000,84962.16000000,85116.94000000,168.33741036,14320983.65430738,12752
1789907400000,85116.94000000,85195.25000000,85056.26000000,85134.57000000,158.44744213,13488423.57591282,5913
1789909200000,85134.57000000,85150.69000000,85051.81000000,85067.93000000,51.64592128,4394558.86355446,330
1789911000000,85067.93000000,85287.07000000,85019.67000000,85238.81000000,165.64065007,14109577.26302742,11109
1789912800000,85238.81000000,85331.64000000,85148.61000000,85241.44000000,344.64887253,29378064.71936499,9040
1789914600000,85241.44000000,85616.04000000,85114.63000000,85489.22000000,196.67709800,16797528.01822940,2205
1789916400000,85489.22000000,85803.99000000,85344.24000000,85659.01000000,105.41377119,9023673.44251091,2220
1789918200000,85659.01000000,85930.18000000,85623.74000000,85894.91000000,215.23818941,18470939.58723699,7972
1789920000000,85894.91000000,86106.20000000,85751.36000000,85962.65000000,113.33618576,9740119.62875970,519
1789921800000,85962.65000000,86038.17000000,85785.54000000,85861.06000000,67.03248091,5757749.72483140,1522
1789923600000,85861.06000000,86155.70000000,85756.86000000,86051.50000000,275.28464642,23671181.74196963,23113
1789925400000,86051.50000000,86164.32000000,85982.45000000,86095.27000000,140.55887371,12099403.86736226,716
1789927200000,86095.27000000,86173.49000000,85984.14000000,86062.36000000,180.10445364,15502190.45536548,19539
1789929000000,86062.36000000,86135.71000000,85959.45000000,86032.80000000,239.06176814,20569508.69741475,7239
1789930800000,86032.80000000,86110.81000000,85952.73000000,86030.74000000,313.25314675,26949615.27947724,19297
1789932600000,86030.74000000,86082.50000000,86023.20000000,86069.60000000,134.63133141,11586161.33644761,2132
1789934400000,86069.60000000,86273.98000000,85954.26000000,86158.63000000,150.91545194,12998190.59830434,1432
1789936200000,86158.63000000,86239.07000000,85967.04000000,86047.48000000,227.35681329,19571904.62561011,19868
1789938000000,86047.48000000,86197.31000000,85930.69000000,86080.51000000,286.09077660,24623690.68625151,27248
1789939800000,86080.51000000,86295.19000000,85931.79000000,86146.47000000,165.90982867,14288898.58467142,2959
1789941600000,86146.47000000,86281.10000000,86006.47000000,86141.10000000,97.57322210,8405239.24198291,12731
1789943400000,86141.10000000,86183.16000000,86023.17000000,86065.24000000,139.22003328,11985525.85825641,4076
1789945200000,86065.24000000,86272.08000000,85948.00000000,86154.84000000,253.57415744,21839067.77422547,3030
1789947000000,86154.84000000,86289.36000000,86096.50000000,86231.01000000,82.78348398,7136401.86887508,663
1789948800000,86231.01000000,86476.84000000,86101.52000000,86347.35000000,190.74347159,16462796.23073035,3901
1789950600000,86347.35000000,86483.43000000,86110.53000000,86246.61000000,185.11403274,15971673.92254740,999
1789952400000,86246.61000000,86437.22000000,86065.41000000,86256.02000000,162.00096895,13973050.47326456,1019
1789954200000,86256.02000000,86391.55000000,86154.60000000,86290.13000000,152.18639393,13130453.29754444,6540
1789956000000,86290.13000000,86459.46000000,86240.89000000,86410.22000000,93.02755370,8034807.74550571,7344
1789957800000,86410.22000000,86439.45000000,86363.23000000,86392.46000000,120.91216756,10446615.31917611,5627
1789959600000,86392.46000000,86503.56000000,86389.10000000,86501.62000000,326.83927573,28260079.57954298,21046
1789961400000,86501.62000000,86571.01000000,86494.70000000,86569.12000000,88.42244438,7652515.22900765,4919
1789963200000,86569.12000000,86666.84000000,86364.48000000,86462.20000000,183.92903709,15909464.91547544,2559
1789965000000,86462.20000000,86556.40000000,86378.17000000,86472.37000000,228.51149302,19759155.62010905,13541
1789966800000,86472.37000000,86636.18000000,86409.48000000,86573.30000000,224.63177994,19439556.41063474,10327
1789968600000,86573.30000000,86614.88000000,86568.87000000,86610.15000000,142.39161575,12330823.84207123,4680
1789970400000,86610.15000000,86747.35000000,86325.06000000,86462.26000000,164.30190150,14214012.70176144,9136
1789972200000,86462.26000000,86639.92000000,86342.34000000,86520.01000000,237.01921754,20502342.03817859,3108
1789974000000,86520.01000000,86607.15000000,86153.68000000,86240.81000000,185.17632843,15986990.65710551,1586
1789975800000,86240.81000000,86554.91000000,86126.71000000,86440.81000000,100.33337873,8666209.85481654,2249
1789977600000,86440.81000000,86599.15000000,86183.19000000,86341.53000000,94.32049323,8146897.25210061,3676
1789979400000,86341.53000000,86436.22000000,86292.61000000,86387.30000000,160.37161880,13851624.02705726,1888
1789981200000,86387.30000000,86702.67000000,86236.22000000,86551.60000000,157.16755491,13594495.15549121,5437
1789983000000,86551.60000000,86651.82000000,86495.90000000,86596.12000000,157.99337993,13679268.84549266,3726
1789984800000,86596.12000000,86738.81000000,86502.81000000,86645.50000000,155.01371716,13428689.32105030,1656
1789986600000,86645.50000000,86849.42000000,86606.27000000,86810.19000000,129.38774603,11225071.95385067,8480
1789988400000,86810.19000000,86976.73000000,86617.60000000,86784.14000000,363.36005683,31537045.01568561,6102
1789990200000,86784.14000000,87076.09000000,86715.50000000,87007.45000000,92.53361689,8044226.14165992,1090
1789992000000,87007.45000000,87155.23000000,86685.50000000,86833.27000000,71.80103153,6238887.37406974,563
1789993800000,86833.27000000,86910.26000000,86546.39000000,86623.38000000,315.67980321,27367337.83703392,4104
1789995600000,86623.38000000,86642.17000000,86544.29000000,86550.38000000,156.85553457,13580386.78247434,3966
1789997400000,86550.38000000,86700.57000000,86231.53000000,86381.73000000,202.48029012,17501980.37869859,1703
1789999200000,86381.73000000,86621.36000000,86275.94000000,86515.57000000,202.35624991,17497938.34626839,1261
1790001000000,86515.57000000,86787.97000000,86287.97000000,86560.38000000,91.11620331,7885691.87080729,584
1790002800000,86560.38000000,86923.33000000,86560.09000000,86879.66000000,110.19878121,9563897.78471607,12680
1790004600000,86879.66000000,87618.25000000,86678.37000000,87416.97000000,167.89608400,14646895.55386866,2055
1790006400000,87416.97000000,87684.76000000,87183.90000000,87451.69000000,127.72963040,11168693.24915730,6245
1790008200000,87451.69000000,87725.65000000,87418.44000000,87719.05000000,76.82024855,6731070.83298450,10002
1790010000000,87719.05000000,88062.64000000,87488.89000000,87832.47000000,107.84861057,9468532.62928863,553
1790011800000,87832.47000000,88058.56000000,87735.87000000,87961.96000000,64.30872016,5653945.42228087,548
1790013600000,87961.96000000,88116.58000000,87958.61000000,88115.85000000,96.34901111,8484848.37351078,9358
1790015400000,88115.85000000,88533.37000000,87891.47000000,88308.98000000,195.25932029,17230582.05970261,912
1790017200000,88308.98000000,88450.60000000,87989.12000000,88130.74000000,137.59373136,12134412.03723596,18899
1790019000000,88130.74000000,88744.99000000,87988.02000000,88602.27000000,75.67978898,6693505.85320569,948
1790020800000,88602.27000000,88959.28000000,88435.95000000,88792.97000000,213.46693774,18940793.56526675,6437
1790022600000,88792.97000000,89214.09000000,88585.14000000,89006.26000000,119.93742157,10666653.81470574,18799
1790024400000,89006.26000000,89304.00000000,88851.72000000,89149.47000000,194.30592107,17312994.01025355,936
1790026200000,89149.47000000,89499.58000000,88952.11000000,89302.22000000,92.58526465,8263355.72612020,11103
1790028000000,89302.22000000,89437.96000000,88729.45000000,88865.19000000,99.79085265,8882470.12462109,15907
1790029800000,88865.19000000,89043.96000000,88731.33000000,88910.11000000,341.62959921,30369208.99791621,20984
1790031600000,88910.11000000,89006.96000000,88717.08000000,88813.93000000,83.40116532,7409859.22838545,601
1790033400000,88813.93000000,88814.89000000,88742.60000000,88745.09000000,113.09027250,10038744.28577333,2422
1790035200000,88745.09000000,88811.79000000,88683.45000000,88750.15000000,52.98225512,4702093.75281146,402
1790037000000,88750.15000000,88857.83000000,88466.98000000,88574.66000000,164.99609541,14624124.51801454,4614
1790038800000,88574.66000000,88782.79000000,88467.11000000,88675.24000000,119.33056425,10577665.72567490,4665
1790040600000,88675.24000000,88843.09000000,88595.10000000,88762.95000000,154.00520930,13665454.26808593,2918
1790042400000,88762.95000000,89139.85000000,88672.06000000,89048.95000000,154.62962679,13754864.82622027,1957
1790044200000,89048.95000000,89135.35000000,88857.68000000,88944.08000000,257.64110960,22924658.11995453,5689
1790046000000,88944.08000000,89130.88000000,88923.76000000,89122.69000000,124.10806704,11052953.74053974,8495
1790047800000,89122.69000000,89259.17000000,88942.12000000,89078.61000000,197.40731347,17587669.17431962,26074
1790049600000,89078.61000000,89236.20000000,88899.48000000,89057.07000000,91.90457619,8185412.34731909,1219
1790051400000,89057.07000000,89260.54000000,88934.23000000,89137.70000000,91.01296737,8110240.59841357,3246
1790053200000,89137.70000000,89209.14000000,88872.72000000,88944.17000000,73.22487709,6517649.56563174,495
1790055000000,88944.17000000,89194.24000000,88898.07000000,89148.14000000,155.34705514,13838339.27750876,12634
1790056800000,89148.14000000,89149.86000000,89094.95000000,89100.83000000,115.74742282,10314856.25612165,5388
1790058600000,89100.83000000,89147.92000000,89002.27000000,89049.36000000,170.75210307,15208294.95344878,5281
1790060400000,89049.36000000,89269.91000000,88899.20000000,89119.75000000,131.65500607,11729972.39502387,15729
1790062200000,89119.75000000,89152.85000000,89089.88000000,89122.98000000,160.78626829,14329578.23797145,16033
1790064000000,89122.98000000,89175.85000000,88961.15000000,89014.02000000,173.61137062,15460151.32930674,779
1790065800000,89014.02000000,89108.30000000,88975.27000000,89069.56000000,118.41877598,10545315.64780229,6841
1790067600000,89069.56000000,89234.85000000,89044.20000000,89209.49000000,204.74389879,18255548.48890090,8271
1790069400000,89209.49000000,89307.23000000,88940.76000000,89038.51000000,176.66448067,15740010.31144865,7668
1790071200000,89038.51000000,89099.95000000,88935.06000000,88996.51000000,233.98761362,20827355.88369960,30958
1790073000000,88996.51000000,89165.77000000,88925.66000000,89094.93000000,50.58283985,4505014.88967630,3191
1790074800000,89094.93000000,89119.14000000,89079.78000000,89107.94000000,87.79778766,7822983.46174244,5037
1790076600000,89107.94000000,89376.13000000,88928.48000000,89196.67000000,128.59494662,11466437.29199969,899
1790078400000,89196.67000000,89399.23000000,89149.36000000,89351.92000000,133.22128583,11896683.36716105,4382
1790080200000,89351.92000000,89694.19000000,89340.10000000,89671.92000000,138.59684725,12413944.70339947,2218
1790082000000,89671.92000000,89778.40000000,89660.52000000,89773.72000000,191.11081547,17149815.00726952,5321
1790083800000,89773.72000000,89850.44000000,89754.46000000,89831.18000000,237.55552385,21335342.87400216,8569
1790085600000,89831.18000000,89891.87000000,89710.63000000,89771.32000000,83.78826194,7523454.69722764,7454
1790087400000,89771.32000000,89877.06000000,89712.90000000,89818.64000000,275.54687392,24744898.42339285,2174
1790089200000,89818.64000000,89888.94000000,89783.54000000,89853.85000000,159.57054198,14336154.03462137,4633
1790091000000,89853.85000000,89900.81000000,89844.59000000,89875.92000000,85.66945776,7699437.31206590,777
1790092800000,89875.92000000,90004.65000000,89667.15000000,89795.88000000,267.69034588,24044632.26364340,1916
1790094600000,89795.88000000,90134.93000000,89743.25000000,90082.30000000,110.13529567,9910725.97239222,3555
1790096400000,90082.30000000,90085.14000000,90012.43000000,90024.88000000,178.51431615,16073575.16752605,3556
1790098200000,90024.88000000,90059.53000000,90024.81000000,90051.89000000,171.72032919,15462627.01660238,1660
1790100000000,90051.89000000,90272.73000000,89971.67000000,90192.52000000,107.28805851,9671550.84369596,8826
1790101800000,90192.52000000,90336.26000000,90092.29000000,90236.03000000,330.27998408,29798364.33311904,47538
1790103600000,90236.03000000,90409.80000000,89921.53000000,90095.30000000,234.40325819,21129627.29885074,1577
1790105400000,90095.30000000,90195.60000000,89987.07000000,90087.37000000,96.63728684,8706054.53216397,438
1790107200000,90087.37000000,90096.03000000,89976.60000000,89993.21000000,202.09336255,18192837.90666874,11597
1790109000000,89993.21000000,90155.02000000,89822.66000000,89984.47000000,79.16614889,7123954.58939911,4816
1790110800000,89984.47000000,90283.59000000,89859.23000000,90158.36000000,94.32961390,8499135.33363885,2639
1790112600000,90158.36000000,90472.52000000,90090.59000000,90404.76000000,180.81456159,16331645.85136360,20059
1790114400000,90404.76000000,90500.23000000,90191.47000000,90286.94000000,88.18802924,7965690.92949855,1225
1790116200000,90286.94000000,90444.61000000,90180.18000000,90337.84000000,101.14311953,9135335.21713365,4304
1790118000000,90337.84000000,90531.96000000,90163.65000000,90357.76000000,136.56693157,12338975.70860840,2349
1790119800000,90357.76000000,90840.12000000,90135.65000000,90618.00000000,185.13902444,16760868.57249313,2294
1790121600000,90618.00000000,90818.62000000,90529.80000000,90730.42000000,72.07117219,6536346.94058103,2362
1790123400000,90730.42000000,90773.63000000,90437.21000000,90452.62000000,216.21676154,19579397.85718288,37584
1790125200000,90452.62000000,90526.41000000,90337.24000000,90411.04000000,195.07680655,17639800.17560361,16517
1790127000000,90411.04000000,90664.29000000,89953.89000000,90207.15000000,158.53411531,14311684.90807629,5173
1790128800000,90207.15000000,90442.46000000,90156.98000000,90392.29000000,121.12228749,10941046.02433887,977
1790130600000,90392.29000000,90670.62000000,89960.81000000,90239.14000000,159.17497290,14371938.51615778,3779
1790132400000,90239.14000000,90350.40000000,89793.68000000,89904.94000000,137.94122420,12416963.93892234,1181
1790134200000,89904.94000000,90494.07000000,89763.44000000,90352.57000000,90.47436558,8161091.96545042,3350
1790136000000,90352.57000000,90613.26000000,89965.40000000,90226.08000000,95.04196324,8579271.24280354,12286
1790137800000,90226.08000000,90409.27000000,89680.89000000,89864.08000000,243.98624516,21955040.73521603,11147
1790139600000,89864.08000000,90219.51000000,89597.23000000,89952.66000000,112.48258576,10114786.95238443,6803
1790141400000,89952.66000000,90049.27000000,89648.59000000,89745.19000000,82.81836473,7438277.62964188,2007
1790143200000,89745.19000000,89856.76000000,89673.54000000,89785.10000000,148.92335955,13369118.19941637,18226
1790145000000,89785.10000000,89792.52000000,89690.03000000,89692.53000000,137.48080127,12335468.06249203,8271
1790146800000,89692.53000000,90172.47000000,89424.21000000,89904.15000000,126.01282675,11320187.02600820,1893
1790148600000,89904.15000000,90082.03000000,89648.61000000,89826.49000000,114.57221632,10294585.62726575,2027
1790150400000,89826.49000000,90212.55000000,89659.43000000,90045.49000000,107.16995956,9642348.22334421,1698
1790152200000,90045.49000000,90390.73000000,89906.47000000,90251.70000000,95.74701107,8634749.59429675,1900
1790154000000,90251.70000000,90282.07000000,90031.09000000,90067.51000000,183.07843847,16500289.95237529,994
1790155800000,90067.51000000,90151.92000000,89822.25000000,89906.66000000,121.95246489,10970877.10871785,1950
1790157600000,89906.66000000,90119.02000000,89873.30000000,90118.42000000,152.23067367,13706379.86013257,6831
1790159400000,90118.42000000,90342.65000000,89858.06000000,90082.30000000,252.75994859,22772240.69994963,30223
1790161200000,90082.30000000,90631.16000000,89894.23000000,90443.08000000,115.53443163,10435396.01323642,1244
1790163000000,90443.08000000,90595.20000000,90151.17000000,90303.29000000,76.74733519,6934112.92430572,456
1790164800000,90303.29000000,90307.54000000,90118.97000000,90155.48000000,129.16647312,11650040.46798927,4241
1790166600000,90155.48000000,90229.59000000,90089.53000000,90163.65000000,151.04492425,13618350.22993422,10111
1790168400000,90163.65000000,90302.45000000,90158.37000000,90292.02000000,68.28927215,6163171.25473587,862
1790170200000,90292.02000000,90345.99000000,90243.00000000,90296.97000000,83.25279983,7517338.29709417,6624
1790172000000,90296.97000000,90357.79000000,90256.97000000,90317.79000000,279.88244969,25276421.28810161,1866
1790173800000,90317.79000000,90657.18000000,90237.95000000,90577.34000000,142.18104619,12866080.06707905,3859
1790175600000,90577.34000000,90814.48000000,90430.33000000,90667.46000000,141.09314492,12788318.91523299,2680
1790177400000,90667.46000000,90993.37000000,90660.96000000,90966.91000000,158.64196993,14416389.70584426,1104
1790179200000,90966.91000000,91296.89000000,90813.98000000,91143.95000000,233.93212714,21307693.51098856,3784
1790181000000,91143.95000000,91316.62000000,90923.04000000,91095.71000000,248.52518909,22643574.83224109,16690
1790182800000,91095.71000000,91296.02000000,91063.02000000,91263.33000000,196.32977195,17906739.22980652,4263
1790184600000,91263.33000000,91313.35000000,91030.30000000,91080.32000000,139.65370159,12728223.16678266,1398
1790186400000,91080.32000000,91590.68000000,90902.76000000,91413.12000000,304.82474654,27831166.32800243,21964
1790188200000,91413.12000000,91721.71000000,91224.87000000,91533.46000000,123.09893419,11262733.79632111,1499
1790190000000,91533.46000000,91688.00000000,91487.54000000,91642.07000000,140.38912909,12860468.23725438,17634
1790191800000,91642.07000000,91912.64000000,91515.38000000,91785.95000000,144.62955857,13268025.19603443,3302
1790193600000,91785.95000000,91790.32000000,91778.94000000,91787.42000000,158.00590872,14502660.67414534,27549
1790195400000,91787.42000000,91923.14000000,91560.76000000,91696.48000000,132.44355066,12148622.42688003,4614
1790197200000,91696.48000000,92072.61000000,91561.74000000,91937.87000000,122.78314406,11278540.82692694,7750
1790199000000,91937.87000000,92116.34000000,91885.63000000,92064.10000000,113.52955205,10447218.69122721,9973
1790200800000,92064.10000000,92295.09000000,91925.04000000,92156.04000000,253.11767245,23318564.19802468,33069
1790202600000,92156.04000000,92435.98000000,92044.95000000,92324.90000000,160.00518147,14763455.65305620,19291
1790204400000,92324.90000000,92539.28000000,91910.15000000,92124.54000000,160.52753576,14799245.85320652,1455
1790206200000,92124.54000000,92237.74000000,91918.07000000,92031.27000000,179.75135075,16548333.62938699,1013
1790208000000,92031.27000000,92280.22000000,91920.11000000,92169.06000000,132.82933803,12236654.34737090,1184
1790209800000,92169.06000000,92231.24000000,92160.71000000,92227.02000000,64.65055578,5961190.13924221,1826
1790211600000,92227.02000000,92303.27000000,92148.16000000,92224.41000000,140.29290658,12938552.90955972,13194
1790213400000,92224.41000000,92405.66000000,91984.46000000,92165.72000000,159.07007673,14663919.71719252,1448
1790215200000,92165.72000000,92474.40000000,92043.53000000,92352.22000000,210.74196814,19449387.28292560,6143
1790217000000,92352.22000000,92493.33000000,92041.58000000,92182.69000000,137.85730729,12715847.77900210,3416
1790218800000,92182.69000000,92348.33000000,92171.24000000,92337.12000000,128.87123072,11892953.92452262,6904
1790220600000,92337.12000000,92638.39000000,92294.56000000,92595.84000000,149.30478207,13812125.56521174,2602
1790222400000,92595.84000000,92957.27000000,92505.58000000,92867.01000000,201.37585858,18682971.40991347,952
1790224200000,92867.01000000,93039.74000000,92663.69000000,92836.42000000,178.57428788,16580018.84512621,6645
1790226000000,92836.42000000,93044.36000000,92715.13000000,92923.06000000,497.24604882,46191265.53036165,11620
1790227800000,92923.06000000,93092.00000000,92849.92000000,93018.86000000,95.15674815,8848333.56670201,905
1790229600000,93018.86000000,93255.99000000,92665.84000000,92902.98000000,120.87355077,11234181.86837594,567
1790231400000,92902.98000000,93003.04000000,92858.16000000,92958.22000000,399.37716568,37118036.49189508,39334
1790233200000,92958.22000000,93481.24000000,92728.61000000,93251.63000000,184.81792694,17216496.93200908,1623
1790235000000,93251.63000000,93461.29000000,93085.34000000,93295.01000000,118.84664189,11086079.86804459,9357
1790236800000,93295.01000000,93541.15000000,93216.40000000,93462.55000000,171.15304753,15986841.45491665,13040
1790238600000,93462.55000000,93523.32000000,93218.96000000,93279.74000000,257.47083957,24032502.07827290,4433
1790240400000,93279.74000000,93435.28000000,93195.48000000,93351.02000000,138.85074876,12958560.26340935,1856
1790242200000,93351.02000000,93397.12000000,93308.55000000,93354.65000000,136.44696025,12737792.95036947,9448
1790244000000,93354.65000000,93526.03000000,93177.76000000,93349.14000000,51.18344258,4778024.35729730,8769
1790245800000,93349.14000000,93513.52000000,93301.52000000,93465.90000000,124.18434175,11602167.97852156,6259
1790247600000,93465.90000000,93521.33000000,93408.96000000,93464.38000000,237.15944378,22166081.05395292,3474
1790249400000,93464.38000000,93571.52000000,93396.24000000,93503.38000000,78.55631140,7344259.27290400,492
1790251200000,93503.38000000,94065.11000000,93316.97000000,93878.71000000,161.73984085,15163691.57148211,29305
1790253000000,93878.71000000,94338.34000000,93812.93000000,94272.56000000,196.39767676,18489127.59903196,19644
1790254800000,94272.56000000,94353.58000000,94117.59000000,94198.61000000,111.69193385,10523978.27576770,600
1790256600000,94198.61000000,94275.78000000,93995.16000000,94072.32000000,204.89829942,19283884.13705885,2309
1790258400000,94072.32000000,94345.34000000,93863.28000000,94136.29000000,72.01513179,6777701.96216581,3073
1790260200000,94136.29000000,94479.33000000,94070.12000000,94460.53000000,135.17955609,12752388.10559538,2780
1790262000000,94460.53000000,94570.39000000,94339.75000000,94449.61000000,103.55536842,9781141.40335902,5078
1790263800000,94449.61000000,94801.37000000,94409.99000000,94799.41000000,106.62618517,10094327.93676819,1411
1790265600000,94799.41000000,95017.65000000,94753.46000000,94971.70000000,206.76100165,19624569.22175317,1169
1790267400000,94971.70000000,95144.67000000,94519.29000000,94692.26000000,86.49803944,8198751.84141402,1058
1790269200000,94692.26000000,95160.12000000,94489.99000000,94957.85000000,116.07218739,11011689.57179336,1819
1790271000000,94957.85000000,95455.49000000,94719.87000000,95217.50000000,125.07713218,11898706.66887577,6736
1790272800000,95217.50000000,95388.73000000,94966.45000000,95137.68000000,85.99908340,8184041.72433410,9712
1790274600000,95137.68000000,95195.62000000,95137.35000000,95191.21000000,161.48084189,15368894.68215282,1443
1790276400000,95191.21000000,95402.11000000,95113.88000000,95324.78000000,228.03678446,21727403.71179003,35213
1790278200000,95324.78000000,95629.96000000,95143.53000000,95448.72000000,162.07025180,15462702.03295257,2290
1790280000000,95448.72000000,95488.60000000,95409.19000000,95449.07000000,141.24952084,13482118.90520673,1727
1790281800000,95449.07000000,95564.65000000,95247.11000000,95362.69000000,261.89495494,24982548.33780154,20637
1790283600000,95362.69000000,95567.48000000,95052.85000000,95257.64000000,238.42315882,22719976.92010261,5721
1790285400000,95257.64000000,95601.06000000,95058.23000000,95401.65000000,272.78656777,26011194.51085573,1370
1790287200000,95401.65000000,95578.11000000,95279.06000000,95455.51000000,233.84275271,22317381.75303902,3771
1790289000000,95455.51000000,95553.45000000,95025.45000000,95123.39000000,399.74891572,38069728.35611477,46998
1790290800000,95123.39000000,95251.53000000,94886.64000000,95014.77000000,158.36398526,15052651.78312557,26783
1790292600000,95014.77000000,95120.55000000,95011.00000000,95108.22000000,192.83383788,18334626.77495394,6079
1790294400000,95108.22000000,95267.11000000,95030.73000000,95189.61000000,121.98175842,11608087.01377604,8827
1790296200000,95189.61000000,95263.14000000,95186.93000000,95237.37000000,50.78289352,4836011.73719606,6387
1790298000000,95237.37000000,95372.17000000,95042.05000000,95176.85000000,133.23873485,12683930.71916109,7785
1790299800000,95176.85000000,95243.09000000,95056.58000000,95122.83000000,127.43764809,12124523.97589281,2874
1790301600000,95122.83000000,95321.49000000,94858.01000000,95056.68000000,163.04109178,15501739.47266770,6595
1790303400000,95056.68000000,95713.27000000,94833.17000000,95489.76000000,130.08338903,12402853.06029371,1464
1790305200000,95489.76000000,95499.46000000,95226.24000000,95249.42000000,126.89958011,12096707.56987072,935
1790307000000,95249.42000000,95308.30000000,95014.57000000,95051.32000000,146.03976874,13891993.83415098,5981
1790308800000,95051.32000000,95368.35000000,94991.74000000,95308.76000000,133.79047665,12739923.97641567,1236
1790310600000,95308.76000000,95408.99000000,95157.06000000,95257.29000000,253.00976111,24105364.54705253,4072
1790312400000,95257.29000000,95260.01000000,95015.65000000,95036.35000000,139.72962875,13288847.00242815,1050
1790314200000,95036.35000000,95047.29000000,94982.72000000,94985.81000000,179.65842532,17068498.00662383,3236
1790316000000,94985.81000000,94990.32000000,94841.20000000,94867.46000000,174.21293510,16532747.62800321,7409
1790317800000,94867.46000000,95306.57000000,94749.03000000,95188.14000000,70.31622732,6685754.52496095,1652
1790319600000,95188.14000000,95315.61000000,94943.71000000,95071.18000000,103.40797936,9835150.02112346,8729
1790321400000,95071.18000000,95265.45000000,95023.79000000,95218.06000000,126.00098476,11991400.27163226,1068
1790323200000,95218.06000000,95242.44000000,95066.64000000,95091.02000000,43.23996466,4113563.28060996,3000
1790325000000,95091.02000000,95278.86000000,94986.69000000,95174.54000000,251.81578606,23959440.65105914,4250
1790326800000,95174.54000000,95377.06000000,94832.78000000,95035.31000000,89.11041376,8472771.27679162,458
1790328600000,95035.31000000,95057.53000000,94919.11000000,94925.47000000,137.56834586,13064504.37355850,2954
1790330400000,94925.47000000,95163.82000000,94789.86000000,95028.21000000,68.62862442,6519305.22821231,11229
1790332200000,95028.21000000,95142.48000000,94880.95000000,94995.23000000,110.20736829,10470385.63480042,1787
1790334000000,94995.23000000,95090.17000000,94935.13000000,95030.07000000,78.67474165,7475552.39784775,840
1790335800000,95030.07000000,95307.62000000,94876.09000000,95153.64000000,69.92701336,6650929.41679084,1877
1790337600000,95153.64000000,95325.33000000,94889.50000000,95061.20000000,101.49848785,9651695.34195266,4247
1790339400000,95061.20000000,95213.84000000,94825.55000000,94978.20000000,197.19128769,18734328.93639266,9828
1790341200000,94978.20000000,95242.96000000,94900.82000000,95165.58000000,141.52225908,13459208.07549213,11777
1790343000000,95165.58000000,95367.71000000,95058.57000000,95260.71000000,54.78920117,5217520.65152376,511
1790344800000,95260.71000000,95440.84000000,95168.54000000,95348.67000000,120.02959041,11441142.65792993,609
1790346600000,95348.67000000,95358.40000000,95296.13000000,95312.90000000,157.04564756,14969979.87913653,20167
1790348400000,95312.90000000,95375.70000000,95106.73000000,95169.53000000,97.85747486,9317726.49851982,1339
1790350200000,95169.53000000,95632.81000000,95110.96000000,95574.24000000,110.65703705,10561034.52651836,2309
1790352000000,95574.24000000,95645.65000000,95367.41000000,95438.82000000,189.38465877,18083197.75463927,3402
1790353800000,95438.82000000,95447.84000000,95432.43000000,95445.98000000,97.11566345,9268921.38272759,953
1790355600000,95445.98000000,95613.29000000,95344.43000000,95511.74000000,258.05043652,24641189.34405576,2287
1790357400000,95511.74000000,95780.13000000,95383.62000000,95652.02000000,194.74639129,18618779.23411412,6260
1790359200000,95652.02000000,95949.70000000,95540.93000000,95838.62000000,119.12443142,11409311.54736913,22130
1790361000000,95838.62000000,96151.43000000,95699.80000000,96012.61000000,173.81003779,16677875.46189032,2916
1790362800000,96012.61000000,96218.69000000,96000.38000000,96180.24000000,140.36676155,13493892.69853876,886
1790364600000,96180.24000000,96389.59000000,95820.70000000,96030.04000000,61.40295281,5899602.36493666,3041
1790366400000,96030.04000000,96396.46000000,95839.93000000,96206.35000000,235.94815274,22685844.47572190,21158
1790368200000,96206.35000000,96382.34000000,95898.62000000,96074.61000000,96.24291576,9250726.99150319,4793
1790370000000,96074.61000000,96081.19000000,95982.05000000,96003.12000000,223.46805919,21457877.09381457,30460
1790371800000,96003.12000000,96215.12000000,95889.42000000,96101.41000000,203.49970208,19549941.36696071,1309
1790373600000,96101.41000000,96357.99000000,95770.65000000,96027.22000000,133.98031694,12869070.83612606,1323
1790375400000,96027.22000000,96284.93000000,95766.27000000,96023.98000000,152.06771575,14602311.34775403,2383
1790377200000,96023.98000000,96298.88000000,95766.23000000,96041.13000000,90.95056729,8734475.38137919,2632
1790379000000,96041.13000000,96630.76000000,95850.80000000,96440.43000000,150.48198030,14492517.49101352,28010
1790380800000,96440.43000000,96576.23000000,96269.97000000,96405.77000000,200.47087050,19328864.53464375,2275
1790382600000,96405.77000000,96544.33000000,95746.94000000,95885.50000000,47.19438817,4533442.09891099,435
1790384400000,95885.50000000,96038.54000000,95849.01000000,96007.06000000,408.52145282,39203707.91925118,55888
1790386200000,96007.06000000,96263.20000000,95890.34000000,96146.48000000,51.77506088,4975583.71176134,534
1790388000000,96146.48000000,96152.05000000,96087.00000000,96135.01000000,185.04217233,17787120.63706056,2724
1790389800000,96135.01000000,96404.41000000,95676.60000000,95946.01000000,228.88065854,21974605.15482515,1181
1790391600000,95946.01000000,96457.58000000,95933.70000000,96409.24000000,160.54736648,15455387.65346194,14354
1790393400000,96409.24000000,96909.15000000,96119.52000000,96619.44000000,137.86282141,13310568.86636929,742
1790395200000,96619.44000000,97036.97000000,96341.30000000,96758.82000000,103.92124202,10050468.90620021,3115
1790397000000,96758.82000000,96897.93000000,96536.36000000,96675.47000000,295.40313323,28566443.95676282,2840
1790398800000,96675.47000000,96962.35000000,96170.04000000,96456.92000000,46.44139435,4482977.11868465,3980
1790400600000,96456.92000000,96781.62000000,96043.96000000,96368.66000000,217.57168720,20973492.49013193,34272
1790402400000,96368.66000000,96658.04000000,95957.19000000,96246.58000000,269.70553923,25969209.83727342,50375
1790404200000,96246.58000000,96545.03000000,96089.49000000,96387.94000000,227.77898748,21944413.80358800,13238
1790406000000,96387.94000000,96418.80000000,96380.58000000,96396.96000000,126.42743060,12187450.03134279,5263
1790407800000,96396.96000000,96443.30000000,96216.79000000,96263.14000000,111.36282988,10725103.03160706,7257
1790409600000,96263.14000000,96427.60000000,96176.15000000,96340.61000000,351.78475776,33882072.89465022,25480
1790411400000,96340.61000000,96655.61000000,96200.65000000,96515.65000000,115.85049845,11174626.39020556,17958
1790413200000,96515.65000000,96783.55000000,96312.77000000,96580.67000000,135.67303574,13100452.48298100,950
1790415000000,96580.67000000,97056.71000000,96397.12000000,96873.16000000,127.27321209,12316949.66523606,1620
1790416800000,96873.16000000,96991.43000000,96822.17000000,96940.44000000,65.50312801,6348433.01552395,1687
1790418600000,96940.44000000,97015.51000000,96794.37000000,96869.45000000,81.95172295,7940557.37232262,663
1790420400000,96869.45000000,97090.54000000,96563.83000000,96784.93000000,60.53096948,5860190.74873935,1442
1790422200000,96784.93000000,96961.54000000,96748.75000000,96925.36000000,84.20199410,8157366.86748424,6587
1790424000000,96925.36000000,97272.83000000,96822.45000000,97169.92000000,137.57822127,13357248.87640294,8189
1790425800000,97169.92000000,97401.05000000,97144.41000000,97378.71000000,221.19813421,21524360.08225269,16126
1790427600000,97378.71000000,97553.40000000,97057.72000000,97232.41000000,308.73202547,30033815.05929373,3640
1790429400000,97232.41000000,97458.18000000,97114.46000000,97340.22000000,87.67755200,8531401.46079303,5485
1790431200000,97340.22000000,97556.24000000,97192.27000000,97408.29000000,131.94266437,12849315.27405307,17820
1790433000000,97408.29000000,97659.94000000,97313.93000000,97565.58000000,177.44343504,17303068.03225829,17239
1790434800000,97565.58000000,97658.40000000,97551.08000000,97643.97000000,158.54209405,15476532.81858248,10332
1790436600000,97643.97000000,97805.19000000,97639.21000000,97796.01000000,164.58484890,16087642.14804864,1383
1790438400000,97796.01000000,97820.79000000,97724.61000000,97749.39000000,145.12469482,14188105.08783835,721
1790440200000,97749.39000000,97826.09000000,97645.32000000,97722.02000000,133.54655252,13051657.45062628,12483
1790442000000,97722.02000000,97798.51000000,97656.64000000,97733.13000000,238.06145199,23265609.26103701,13754
1790443800000,97733.13000000,97742.76000000,97677.53000000,97679.80000000,149.17177881,14574087.07993844,3422
1790445600000,97679.80000000,97724.66000000,97671.11000000,97713.63000000,114.10967671,11148873.11835917,4232
1790447400000,97713.63000000,97730.98000000,97549.16000000,97555.36000000,174.54754080,17037905.52179255,9644
1790449200000,97555.36000000,97587.03000000,97471.66000000,97503.33000000,66.39776563,6475154.72486444,6127
1790451000000,97503.33000000,97512.11000000,97479.38000000,97497.22000000,283.95509660,27684554.24589968,3078
1790452800000,97497.22000000,97601.44000000,97221.67000000,97325.89000000,170.07217040,16562137.83849889,29844
1790454600000,97325.89000000,97368.71000000,97297.91000000,97362.21000000,141.47336035,13771432.85985799,2619
1790456400000,97362.21000000,97534.88000000,97210.08000000,97382.75000000,167.31580687,16292527.30117188,16193
1790458200000,97382.75000000,97503.44000000,97339.46000000,97460.15000000,99.75890256,9719943.80411700,14750
1790460000000,97460.15000000,97667.69000000,97291.62000000,97499.16000000,156.83024038,15288777.60509804,6020
1790461800000,97499.16000000,97677.73000000,97437.20000000,97615.76000000,254.09223492,24793531.52880068,24343
1790463600000,97615.76000000,97788.40000000,97536.94000000,97709.58000000,204.95712894,20019865.58586893,12259
1790465400000,97709.58000000,97808.60000000,97667.96000000,97766.98000000,101.63210408,9934319.13424405,8066
1790467200000,97766.98000000,97866.88000000,97643.82000000,97743.71000000,208.97310134,20427427.60617586,3238
1790469000000,97743.71000000,97836.04000000,97620.65000000,97712.97000000,85.81988127,8386595.08161015,505
1790470800000,97712.97000000,97861.50000000,97590.42000000,97738.95000000,81.73724058,7988204.10796609,9434
1790472600000,97738.95000000,97790.22000000,97502.72000000,97553.99000000,84.85281352,8282962.02953152,10231
1790474400000,97553.99000000,97601.50000000,97438.44000000,97485.95000000,100.68331854,9817492.21937103,9437
1790476200000,97485.95000000,97554.50000000,97415.67000000,97484.22000000,204.50933806,19936551.12783259,1014
1790478000000,97484.22000000,97508.51000000,97417.78000000,97442.07000000,125.75638012,12255729.26718963,7002
1790479800000,97442.07000000,97455.95000000,97395.47000000,97409.35000000,90.47582115,8814177.76298467,5938
1790481600000,97409.35000000,97525.85000000,97332.62000000,97449.13000000,150.49933274,14664033.25107420,8152
1790483400000,97449.13000000,97599.16000000,97377.82000000,97527.85000000,129.71874579,12647786.42447574,24389
1790485200000,97527.85000000,97610.17000000,97164.96000000,97247.28000000,161.45499191,15716158.08239549,6997
1790487000000,97247.28000000,97402.74000000,97010.87000000,97166.33000000,298.67468688,29029181.71585234,45600
1790488800000,97166.33000000,97229.66000000,97052.68000000,97116.02000000,111.84135672,10863462.83774208,770
1790490600000,97116.02000000,97293.91000000,97034.12000000,97212.01000000,226.18425546,21980589.32170887,31043
1790492400000,97212.01000000,97321.05000000,96988.11000000,97097.14000000,109.97619950,10682585.58439309,4480
1790494200000,97097.14000000,97219.68000000,96943.77000000,97066.31000000,116.30927869,11290907.81065095,651
1790496000000,97066.31000000,97115.17000000,96960.75000000,97009.61000000,135.04679608,13103389.34722806,9313
1790497800000,97009.61000000,97064.77000000,96990.48000000,97045.64000000,143.45139686,13919609.28944534,21105
1790499600000,97045.64000000,97180.90000000,96749.97000000,96885.24000000,275.45470730,26702221.94907562,6257
1790501400000,96885.24000000,96971.37000000,96838.45000000,96924.58000000,94.53069889,9161108.42160496,3019
1790503200000,96924.58000000,97036.52000000,96597.94000000,96709.88000000,75.29370464,7287033.45656782,8626
1790505000000,96709.88000000,96808.35000000,96549.07000000,96647.55000000,155.74143934,15055264.15437300,3189
1790506800000,96647.55000000,96756.50000000,96449.68000000,96558.64000000,121.01549142,11688677.43218684,1350
1790508600000,96558.64000000,96664.71000000,96464.37000000,96570.45000000,102.64072407,9911656.47644239,724
1790510400000,96570.45000000,96592.75000000,96501.04000000,96523.34000000,63.10139853,6091748.75527677,316
1790512200000,96523.34000000,96623.80000000,96336.29000000,96436.74000000,168.46106584,16250699.53581976,12376
1790514000000,96436.74000000,96502.02000000,96315.15000000,96380.43000000,122.44298981,11803406.32237755,1960
1790515800000,96380.43000000,96424.30000000,96348.52000000,96392.40000000,120.21936873,11587753.57537816,14438
1790517600000,96392.40000000,96414.30000000,96371.99000000,96393.89000000,243.27308096,23449918.03198021,26510
1790519400000,96393.89000000,96538.07000000,96308.82000000,96453.00000000,124.38487218,11994842.99805623,5935
1790521200000,96453.00000000,96571.72000000,96362.10000000,96480.82000000,168.93833161,16297742.09107858,22511
1790523000000,96480.82000000,96485.47000000,96346.62000000,96354.38000000,100.03267071,9642698.42219107,11432
1790524800000,96354.38000000,96518.32000000,96038.71000000,96202.65000000,140.60261590,13533455.51777571,1554
1790526600000,96202.65000000,96274.76000000,95984.36000000,96056.47000000,55.68400096,5351521.75978359,2027
1790528400000,96056.47000000,96246.76000000,95862.09000000,96052.38000000,141.74361002,13615004.24737851,5676
1790530200000,96052.38000000,96095.36000000,95813.61000000,95856.59000000,152.97691264,14673828.98255941,20384
1790532000000,95856.59000000,96177.78000000,95649.94000000,95971.14000000,213.52695042,20484271.13443853,1750
1790533800000,95971.14000000,96528.34000000,95744.13000000,96301.33000000,190.27187734,18302492.43004751,1195
1790535600000,96301.33000000,96398.08000000,95947.77000000,96044.52000000,83.17310626,7995440.84743393,967
1790537400000,96044.52000000,96324.54000000,95788.24000000,96068.27000000,242.03220538,23249698.48753687,13946
1790539200000,96068.27000000,96142.72000000,96018.82000000,96122.17000000,218.60347808,21006606.91164686,10158
1790541000000,96122.17000000,96175.36000000,96032.49000000,96085.68000000,139.82792959,13437162.31270441,10054
1790542800000,96085.68000000,96104.12000000,96076.86000000,96078.51000000,153.74692702,14773003.58677835,2703
1790544600000,96078.51000000,96191.19000000,95980.90000000,96093.58000000,267.69675295,25722593.85344091,1584
1790546400000,96093.58000000,96230.22000000,95975.90000000,96112.55000000,148.00074663,14223792.73296191,4094
1790548200000,96112.55000000,96188.55000000,96026.66000000,96102.67000000,54.37953704,5226197.57566364,3598
1790550000000,96102.67000000,96286.33000000,95921.74000000,96105.41000000,90.79717905,8726016.86576320,660
1790551800000,96105.41000000,96274.65000000,95798.41000000,95967.66000000,95.62151746,9180963.48861686,10030
1790553600000,95967.66000000,96187.96000000,95852.24000000,96072.55000000,67.25710563,6459209.85644763,3835
1790555400000,96072.55000000,96268.35000000,95654.13000000,95849.93000000,295.94045587,28387833.05800549,3421
1790557200000,95849.93000000,96105.66000000,95757.23000000,96012.95000000,133.61691536,12821693.91441389,2177
1790559000000,96012.95000000,96279.04000000,95056.72000000,95322.80000000,207.20760493,19799277.59565917,4678
1790560800000,95322.80000000,95774.51000000,95067.60000000,95519.31000000,135.54930458,12938697.38155561,4513
1790562600000,95519.31000000,95801.17000000,95332.19000000,95614.05000000,62.11175607,5936795.07791340,5024
1790564400000,95614.05000000,95669.93000000,95455.84000000,95511.71000000,69.84893248,6673773.97474622,728
1790566200000,95511.71000000,95562.11000000,95469.20000000,95519.60000000,123.33080524,11780184.86561881,12649
1790568000000,95519.60000000,95713.20000000,95276.78000000,95470.38000000,126.32510747,12062378.28940112,14230
1790569800000,95470.38000000,95660.27000000,95212.99000000,95402.88000000,61.36231268,5855522.03195207,391
1790571600000,95402.88000000,95841.78000000,95136.66000000,95575.56000000,117.23549275,11198099.74829441,6214
1790573400000,95575.56000000,95666.94000000,95337.37000000,95428.75000000,129.34935294,12349976.90566519,667
1790575200000,95428.75000000,95647.18000000,95223.29000000,95441.72000000,171.63545930,16380441.74902266,10957
1790577000000,95441.72000000,95617.53000000,95193.04000000,95368.84000000,260.36586606,24837116.05773294,21029
1790578800000,95368.84000000,95431.97000000,95080.53000000,95143.66000000,146.71435362,13969952.91140258,5859
1790580600000,95143.66000000,95460.34000000,94951.50000000,95268.18000000,142.40226654,13560494.40119053,9387
1790582400000,95268.18000000,95494.02000000,95237.54000000,95480.48000000,166.53331084,15887946.50584500,5460
1790584200000,95480.48000000,95776.56000000,95277.51000000,95573.59000000,84.21067671,8045702.91558390,7755
1790586000000,95573.59000000,95733.44000000,95328.59000000,95488.44000000,418.02732828,39928641.06296223,54022
1790587800000,95488.44000000,95680.02000000,95449.94000000,95641.52000000,133.86907234,12796610.66262000,2142
1790589600000,95641.52000000,95792.22000000,95370.76000000,95521.46000000,157.53759649,15054526.23109185,2695
1790591400000,95521.46000000,95571.32000000,95314.78000000,95364.64000000,200.93246321,19172355.86842676,1060
1790593200000,95364.64000000,95447.07000000,95324.83000000,95407.25000000,208.64796226,19903565.47684942,10092
1790595000000,95407.25000000,95479.07000000,95404.99000000,95458.92000000,116.67359196,11136221.34887640,9597
1790596800000,95458.92000000,95532.45000000,95170.03000000,95243.55000000,117.76793880,11225091.33450482,20511
1790598600000,95243.55000000,95416.23000000,95021.95000000,95194.63000000,298.16369951,28388444.39733624,27808
1790600400000,95194.63000000,95550.29000000,95041.91000000,95397.58000000,182.50832464,17398505.06251233,8534
1790602200000,95397.58000000,95462.97000000,95005.94000000,95071.34000000,199.54380119,18992596.25728141,13026
